gname,
African National Congress (South Africa),606
Algerian Islamic Extremists,373
al-Gama'at al-Islamiyya (IG),259
Abu Sayyaf Group (ASG),222
Al-Aqsa Martyrs Brigade,156
al-Fatah,56
Action Directe,55
Abu Nidal Organization (ANO),51
23rd of September Communist League,44
Albanians,32
Alfaro Vive,27
16 January Organization for the Liberation of Tripoli,24
9 February,21
31 January People's Front (FP-31),17
20 December Movement (M-20),16
2nd of June Movement,14
Abu Hafs al-Masri Brigades,11
Alex Boncayao Brigade (ABB),11
1 May,10
Akhil Terai Mukti Morcha (ATMM),10
Al Jihad,10
Algerian Moslem Fundamentalists,3
Algerian Moujahideen for Moslems,1
Al-Hamas Mujahideen,1
Al-Haramayn Brigades,3
al-Intiqami al-Pakistani,2
Al-Ittihaad al-Islami (AIAI),5
al-Jub Tribe,1
Al-Khobar,7
All Burma Students' Democratic Front (ABSDF),5
All Ethiopian Unity Party (AEUP),1
All for the Fatherland Movement,1
All India Anna Dravida Munetra Kazgan Party,3
All India Sikh Students Federation (AISSF),5
All Kamatapur Liberation Force,1
All Karanataka Youth Council,1
All Nepal Free Nationalist Students Union,1
All Nepal National Free Student Union-Revolutionary,2
All Tripura Tiger Force (ATTF),13
Allah's Tigers,2
Allende Lives Commando,1
Alliance of Revolutionary Cuban Organizations,1
Allied Democratic Forces (ADF),42
Allied Democratic Forces of Guinea (RDFG),1
All-Party Students Union,1
Al-Madina,4
Al-Mansoorian,16
al-Marabitun Revolutionary Committee,1
Al-Masni Tribe,1
Al-Ma'unah,2
Al-Mujahedin Brigades (Palestine),1
al-Nadir,1
al-Naqshabandiya Army,1
Al-Nasireen Group,2
Al-Nawaz,1
Al-Nusrah Front,22
Alpha-66 (Cuban counterrevolutionary),1
Al-Qa`ida,57
Al-Qa`ida in Iraq,542
Al-Qa`ida in the Arabian Peninsula (AQAP),328
Al-Qa`ida in the Lands of the Islamic Maghreb (AQLIM),192
Al-Qa’ida in Yemen,12
Al-Qa’ida Organization for Jihad in Sweden,1
Al-Qa'ida in Lebanon,1
Al-Qa'ida in Saudi Arabia,7
Al-Qa'ida Network for Southwestern Khulna Division,2
Al-Qassam Brigades,2
Al-Sadr Brigades,3
Al-Sa'iqa,2
Al-Shabaab,550
Al-Shabaab al-Mu'minin,4
Al-Shuda Brigade,1
Al-Sunna wal Jamma,1
Al-Sunni muslim sect,1
Al-Toaiman Tribesmen,1
Al-Umar Mujahideen,10
Al-Yemenia al-Ulia Tribesmen,1
Al-Zaidi Tribe - Mareb,1
Amal,27
Amazonas Liberation Front,1
America Battalion,6
American Anticommunist Association (AAA),1
American Indian Movement,6
American Servicemen's Union (ASU),3
Americans for a Competent Federal Judicial System,5
Americans for Justice,2
Amhara tribal group,1
Amr Bil Maroof Wa Nahi Anil Munkir,3
Ana Maria Martinly August 22 Brigade,1
Ananda Marga,2
Anarchio Scene,1
Anarchist Action (CA / United States),1
Anarchist Faction,2
Anarchist Liberation Brigade,1
Anarchist Solidarity,2
Anarchist Squad,1
Anarchist Struggle,1
Anarchists,35
Anarchists Attack Team,1
Anarkista Jorge Banos Front of the Everyone For The Homeland Movement (MTP),1
Anbar Salvation Council,1
Andres Castro United Front,3
Angels,1
Angola Rebels,2
Angolan Defense Force,1
Angry Brigade,2
Angry Brigade (Italy),2
Animal Defense League,1
Animal Liberation Front (ALF),106
Animal Rights Activists,15
Animal Rights Militia,3
Anonima Sequestri,1
Anonymous Underground Movement (MCA),1
Ansar Al Sunnah (Palestine),3
Ansar al-Din,1
Ansar al-Dine (Mali),5
Ansar al-Islam,26
Ansar al-Jihad,1
Ansar Allah,1
Ansar al-Sharia (Libya),2
Ansar al-Sunna,17
Ansar al-Tahwid wal Sunna,1
Ansar Jerusalem,2
Ansar Sarallah,1
Ansar Wa Mohajir (Pakistan),2
Ansaru (Jama'atu Ansarul Muslimina Fi Biladis Sudan),3
Ansarul Islam (Pakistan),2
Anti - Election Demonstrators,1
Anti Communist Action Alliance,1
Anti Communist Patriotic Front,2
Anti Communist Vigilante Patrol,1
Anti Imperialist Patriotic Union,1
Anti Imperialist Students Council,1
Anti Imperialistic Communist Revolutionaries,2
Anti Kurdish Workers Party Iraq nationals,1
Anti Shah of Iran,1
"Anti Somoza Gp, name unk",1
Anti Turkish Group,1
Anti-Abortion Activists,171
Anti-AF,1
Anti-American Arab Liberation Front,1
antiapartheid guerrillas,1
Anti-Apostate Movement Alliance (AGAP),1
Anti-Armenian Organization,2
Anti-Authority Group (Greece),13
Anti-Bhutto demonstrators,1
Anti-Capitalist Action,1
Anti-Capitalist Brigades,1
Anti-Capitalist Commando,1
Anti-Castro Command,3
Anti-Castro Group,3
Anti-Chon radical elements,1
Anti-Communist Command (KAK),1
Anti-Communist Commando of the South,4
Anti-Communist rebels,1
Anti-Communist Viets Organization,1
Anti-Communist Vigilante Group,4
Anti-Environmentalist,3
Anti-Establishment Nucleus,2
Antifascist Action,1
Anti-Fascist Territorial Group,2
Anti-Government Demonstrators,7
Anti-Government Group,25
Anti-Government Guerrillas,20
Anti-Government Rebels,7
Anti-government rioters,1
Anti-govt student groups,1
anti-hunting protestors,1
Anti-Immigrant Activists,3
Anti-Imperialist Cell (AIZ),3
Anti-Imperialist Commando,1
Anti-Imperialist Fighters for a Free Palestine,1
Anti-Imperialist International Brigades,4
Anti-Imperialist Territorial Nuclei (NTA),2
Anti-Iran Government Exiles,10
Anti-Kurdish Turks,2
Anti-Marxist Commando,1
Anti-Monarchists,7
Anti-Narita Extremists,2
Anti-Nuclear Group,14
Anti-Nuclear Society for a Silent Counter-Offensive (ANGST),1
Anti-Racist Guerrilla Nuclei,1
Anti-Revolutionary Agents,3
Anti-Semitists,1
Anti-Socials,2
Anti-Soviet protest group,1
Anti-State Action,3
Anti-State Justice,5
Anti-State Proletarian Nuclei,1
Anti-terrorism ETA (ATE),8
Anti-terrorist Liberation Group (GAL),20
Anti-U.S. radicals,1
Anti-Zionist Commandos,3
Anti-Zionist Movement,2
Antonia Martinez Student Commandos (AMSC),1
Antonio,1
Anya-Nya II Militia,1
April 6th Liberation Movement,31
Aqmur,1
Arab Commando Cells,1
Arab Communist Organization,10
Arab Democratic Party,4
Arab Liberation Army,1
Arab Liberation Front (ALF),4
Arab People's Group,1
Arab Revenge Organization,1
Arab Revolution/Liberation Vanguard Organization,6
Arab Revolutionary Army,8
Arab Revolutionary Cells,3
Arab Revolutionary Front,1
Arab Separatists,23
Arab Socialist Baath Party,2
Arab Socialist Baath Party of Iraq,1
Arab Socialist Union Members,1
Arab Steadfastness Front,1
Arab Struggle,1
Arab Unionist Nationalist Organization,1
Arab Youth Group (Militant),1
Arabian Peninsula Freemen,1
Arabs,17
Arakan Rohingy Islamic Front,1
Arauco Malleco Coordinating Group (CAM) - Chile,2
Arbav Martyrs of Khuzestan,1
Argentina Libre (Free Argentina),1
Argentine Anticommunist Alliance (AAA),19
Argentine Liberation Front (FAL),7
Argentine National Organization Movement (MANO),2
Argentine Youths for Sovereignty,1
Ariska Brodraskapet (Aryan Brotherhood),1
Aristide supporters,4
Armata Corsa,3
Armata di Liberazione Naziunale (ALN),8
Armed Action Force (FADA),1
Armed Anti-Imperialist Movement,1
Armed Brigades,1
Armed Commandos for Liberation,1
Armed Commandos in the Fighting Army of Mario Zichieri,2
Armed Commandos of Liberation,13
Armed Commandos of Student Self Defense,1
Armed Communist Commando,1
Armed Communist Formations,5
Armed Communist Front,1
Armed Communist Nucleus,4
Armed Communist Struggle,3
Armed Falange,6
Armed Fight for Communism,4
Armed Fight for Workers Power,1
Armed Fighting Nucleus For Communism,1
Armed Forces for a Federal Republic (FARF),1
Armed Forces for Liberation of East Timor (FALINTIL),2
Armed Forces of National Resistance (FARN),39
Armed Forces of Popular Resistance (FARP),3
Armed Forces of the Chechen Republic of Ichkeria,12
Armed Forces Revolutionary Council (AFRC),2
Armed Gold Miners,1
Armed Group for the Liberation of Guadeloupe (GLAG),6
Armed Groups for Communism,1
Armed Groups of Organised Proletariat,1
armed guerrillas,1
Armed Islamic Group (GIA),237
Armed Islamic Movement,1
Armed Nuclei for Communism,2
Armed Nuclei for Territorial Counterpower,3
Armed Nucleus for Popular Autonomy,6
Armed Nucleus of Communist Workers,1
Armed People,21
Armed People's Units,1
Armed Proletarian Formations,1
Armed Proletarian Group,1
Armed Proletarian Groups for Communism,4
Armed Proletarian Nuclei (NAP),30
Armed Proletarian Patrols,1
Armed Proletarian Power,6
Armed Proletarian Squads,6
Armed Proletariat Fighting Squad,1
Armed Radical Groups for Communism,1
Armed Revolutionary Action (Greece),4
Armed Revolutionary Groups,1
Armed Revolutionary Independence Movement (MIRA),30
Armed Revolutionary Nuclei (NAR),20
Armed Squads for Communism,3
Armed Struggle Cells,1
Armed Struggle for Communism,4
Armed Struggle for Proletarian Power,1
Armed Struggle Organization,1
Armed Subversives,1
Armed Vanguards of a Second Mohammed Army,1
Armed Womens Nuclei,1
Armed Workers Nuclei,1
Armed Workers Squads,4
Armenian Extremists,2
Armenian Group,5
Armenian Guerrillas,9
Armenian militants,4
Armenian Nationalists,3
Armenian Organization for Armed Struggle,1
Armenian paramilitary group,1
Armenian Red Army,1
Armenian Revolutionary Army,1
Armenian Secret Army for the Liberation of Armenia,187
Armenians,7
Army for Freeing Scotland,3
Army of God,24
Army of Islam,3
Army of State Liberators,1
Army of the Republic of Ilirida,2
Arnoldo Camu Command,1
Arsonists,2
Arsonists for Social Cohesion,3
Artigas Guard Commando,1
Artigas-Giachino Command,1
Arya,2
Aryan Brotherhood,2
Aryan Nation,6
Aryan Republican Army,16
Asa'ib Ahl al-Haqq,10
Asbat al-Ansar,3
Ashuar Tribe,1
Association for the Enhancement of the Justice of the Great Japan,1
Association of Demobilized Armed Forces,3
Association of Mobil Spill Affected Communities (AMSAC),1
Association of Students and Pupils in Mali (AEEM),1
Association Totalement Anti-Guerre (ATAG),1
Asylum Seekers,1
ATALA,1
Athens and Thessaloniki Arsonist Nuclei,8
Attaches,1
Attack Teams for the Dissolution of the Nation (Greece),3
Aum Shinri Kyo,8
Autonomen,2
Autonomous Anarchist Groups,1
Autonomous Anti-Capitalist Commandos (CAA),10
Autonomous Decorators,1
Autonomous Group for Armed Action,1
Autonomous Groups,1
Autonomous Intervention Collective Against the Zionist Presence in France,1
Autonomous Manuel Rodriguez Patriotic Front,3
Autonomous Resistance,3
Autonomous Revolutionary Brigade,1
Autonomous Students,1
Autonomy (Greece),1
Autonomy (Italy),11
Autonomy Front,2
Autonomy-Seeking Arabs,3
Avenge the Arab Nation,1
Avengers of Peiper Group,1
Avengers of the Infants,2
Awami League,21
Azadejan (Liberation),1
Azania People's Organization (AZAPO),5
Azawad National Liberation Movement (MNLA),2
Azerbaijan Guerrillas,8
Azerbaijan Weapons Smugglers,1
Baader-Meinhof Group,55
Ba'adi (on my own behalf),1
Babbar Khalsa International (BKI),11
Baby Liberation Army,1
Badr Brigades,1
Bahujan Samaj Party,2
Baloch Liberation Army (BLA),73
Baloch Liberation Front (BLF),10
Baloch Liberation Tigers (BLT),2
Baloch Mussalah Diffah Tanzim (BMDT),1
Baloch Nationalists,9
Baloch Republican Army (BRA),70
Balochistan Liberation United Front (BLUF),8
Baluchi Militant Defense Army,1
Baluchistan National Army,1
Bande des Rats (the rat pack) Ukranian Group,1
Bandits,12
Bangladesh Communist Party,1
Bangladesh National Socialist Party,1
Bangladesh Nationalist Party (BNP),33
Bangladesh Road Transport Workers Federation,2
Bangladesh Sarbahara Party,6
Bangsamoro Islamic Freedom Movement (BIFM),28
Bangsamoro National Liberation Army,1
Bani Hilal Tribe,1
Bani Jaber tribe,1
Bani Nawaf tribe,1
Banner of Islam,1
Banya Tribe,1
Banyamulenge rebels,1
Barisan Revolusi Nasional (BRN),6
Barzani Guerrillas,1
Basic People's Congresses,1
Basque Country Autonomous Self-Defense Group,1
Basque Fatherland and Freedom (ETA),2027
Basque guerrillas,2
Basque Justice,1
Basque Militants,2
Basque Rectitudes,6
Basque Refugee Support Group,1
Basque Separatists,7
Basque terrorists,4
Bavarian Liberation Army,3
BAY Bombers,1
Baya Tribe,1
Bedouin tribesmen,8
Begumcans Cell,1
Beirut Martyrs Battalion,7
Beirut Martyrs Forces Organization,2
Beja Congress,4
Belarusian Liberation Army,2
Beli Orlovi (White Eagles),1
Bengali Sangram Mukti Bahini,1
Bengali Tiger Force (BTF),1
Bersatu,1
Besi Merah Putih Militia,3
Bharat Zinc Workers,1
Bharatiya Janata Party,2
Bhinderanwale Tiger Force of Khalistan (BTHK),9
Bhisan Himali Bag,1
Bhittani tribe,1
Bhumi Uchched Pratirodh Committee (BUPC),1
Bihar People's  Party (Hindu militants),1
Bin Zabyan Tribesmen,1
Bini-Oru,1
Biswabhumi Sena Bishal Nepal,1
Black African Vigilantes,1
Black Afro Militant Movement,4
Black American Moslems,2
Black and Red Anarchist and Anti-Authoritarians Initiative (Greece),1
Black Berets,3
Black Brigade,3
Black Brigade (United States),1
Black Cells,2
Black December,2
Black Eagles,2
Black Flag (Bandera Negra),2
Black Forest Command,1
Black Friday,1
Black Hand,2
Black Hand (Colombia),6
Black Hawks (Anti-Wahhabists),1
Black Lebanon,2
Black Liberation Army,36
Black Liberation Force,1
Black Liberation Front,3
Black Malian Group,1
Black Mambas,1
Black March,2
Black Muslims,6
Black Nationalists,91
Black Order,6
Black Panther Group (Palestinian),17
Black Panthers,24
Black Revolutionary Assault Team,3
Black September,49
Black September II,9
Black Star,7
Black Tigers,1
Black War,2
Black Wednesday,3
Black Widows,12
Blacks,3
Bloque Anti-Guerrillero de Oriente (BAGO),1
Blue Archer Group,1
Bodo Liberation Tigers (BLT),9
Bodo Militants,87
Bodo People’s Front (BPF),1
Bodyguards of Muslim Warlord Governor Tupay Loong,1
Boer Republikeinse Leer,1
Boer Sentries,1
Boere Aanvals Troepe (BAT),3
Boko Haram,558
Bolivarian Army of Liberation,1
Bolivian Luminous Path,2
Bolivian Socialist Falange,8
Borana bandits,1
Boricua Revolutionary Front,1
Bosnian Croats,1
Bosnian refugee,1
Bosnian Serbs,2
Bougainville Revolutionary Army (BRA),28
Boz-Ok (Grey Arrow),1
Brazilian Anti-Communist Alliance (AAB),4
Brazilian Democratic Mobilization Party (PMBD),1
Brelvi Muslims,2
Breton Liberation Front (FLB),30
Breton Separatists,6
Breton Terrorist,1
Brigadas Rojas,1
Brigade of al-Mukhtar al-Thaqafi,1
Brigades of Iman Hassan-al-Basri,1
Brigades of Imprisoned Sheikh Omar Abdel-Rahman,3
Broad Commando of National Liberation,1
Broad Front,1
Brother Julian,1
Brunswijk Jungle Commando,41
Buddhist Monks,31
Budget for the Popular Prep or Death,1
Bunda Dia Kongo (BDK),1
Burma Communist Party,2
Burmese Minority Group Pirates,1
Burmese refugees,1
BZers,1
Cali Narcotics Cartel,2
Cambodian Freedom Fighters (CFF),5
Cambodian guerrillas,1
Cambodian Gunmen,1
Cambodian National Front for National Salvation,1
Cambodian People's Party (CPP),4
Canary Islands Independence Movement,34
Cannibal Army,4
Caribbean Revolutionary Alliance (ARC),25
Carlos Echeverria commando group,2
Carribbean Revolutionary Independence Army,1
Casamance Separatists,1
Catalan independence group,1
Catalan Liberation Front (FAC),26
Catalan Militia,1
Catalonian Resistance,1
Catholic E. Timurese,1
Catholic Reaction Force,3
Caucasus Emirate,31
CCCCC,5
Cell for Internationalism,1
Cells for Solidarity Against Authority,1
Census Opponents,1
Central African National Liberation Movement,1
Central American Movement of Solidarity (MOSCA),2
Central American Revolutionary Workers Party (PRTC),1
Central University students,1
Chakma tribal group,1
Charles Martel Group,3
Charlot Jacquelin Militant Front,1
Che Guevara Brigade,14
Che Guevara Guerrillas,5
Chechen Lone Wolf Group,2
Chechen Rebels,325
Chicano Liberation Front,31
Chicano Radicals,10
Children of November,2
Chilean Anti-Communist Alliance (ACHA),6
Chilean Committee of Support for the Peruvian Revolution,1
Chin National Army,1
Chinese Illegal Immigrant,1
Chinese Mafia,1
Chinese Pirates,1
Chondaehyop (Radical Student Coalition),1
Chonson Univ. students,1
Christ Chaos,3
Christian Group for the Respect for Life,1
Christian Liberation Army,2
Christian Palestinian group,1
Christians,5
Chukakuha (Middle Core Faction),61
Chukakuha Revolutionary Army,1
Cinchoneros Popular Liberation Movement,24
Citizen's Rights Protection Volunteers,2
Citizens Volunteer Force,1
Civic Guard,1
Civic United Front (CUF),1
"Civil Association for Peace in Colombia, Asocipaz",1
Civil Cooperation Bureau,1
Civil Defense Force (CDF),1
civil guards,1
Civil Servants and Unionists,1
Civil War Veterans,2
Civilian Defense,1
Civilians Seeking Revenge,1
Clandestini Corsi,2
Cleansing Hand (La Mano Que Limpia),1
Cleansing Squad,2
Coalition for Unity and Democracy (CUD),4
Coalition of National Brigades,1
Coalition to Save the Preserves (CSP),8
Coca Farmers,5
Colombia Without Guerrillas,4
Colombian Guerrillas,15
Colombian Patriotic Resistance,3
Colombian Revolution,1
Colombians,1
Colonel Karuna Faction,9
Columbia PM,2
Column 88,4
Comando Autónomo Voltaire Argandoña,1
Comando Bautista B,1
Comando Independiente Revolucionario,1
Comando Malvinas Argentinas,1
Comando Vermelho (Red Command),1
Combat 18,3
Combat Brigades,1
Combat Nucleus of Communist Unity,1
combat territory groups,2
Combatant Communist Front,1
Combatant Nucleus for Communism,1
Combatent Communists,1
Comite Argentino de Lucha Anti-Imperialisto,4
Comite d'Action Viticole,3
Comite de Liberation et de Detournements d'Ordinateurs (Committee for the liberation and hijacking of computers),1
Command for National Sovereignty,1
Commander Gonzalo Southern Group,1
Commander Luciano Varela Antiguerrilla Group,1
Commando 15th October,1
Commando 27 September,1
Commando Adolph Hitler,6
Commando Delta,2
Commando Heinz Neumann,1
Commando Internacionalista Simon Bolivar,1
Commandos,9
Commandos Against Self Destruction of the Universe,1
Commandos for A Popular alternative,4
Commandos for the Defense of Western Civilization,1
Commandos of France,3
Committee for a National Drive for Peace and Democracy,1
Committee for Direct Action Against War,2
Committee for the Defense of Italian Workers in France,1
Committee for the Elimination of Killer Collaborators,1
Committee for the Safeguard of the Islamic Revolution,2
Committee of action against bull fights,1
Committee of Coordination,4
Committee of Solidarity with Arab and Middle East Political Prisoners (CSPPA),10
Commune 1,1
Communist Anti-Imperialistic Revolutionaries,1
Communist Anti-Nuclear Front,5
Communist Armed Nucleus,1
Communist Attack Brigades,1
Communist Attack Units,1
Communist Brigade Dante Dimani,1
Communist Brigades,1
Communist Combat Unit,2
Communist Combattant Cells (CCC) (Belgium),21
Communist Fighters Association,1
Communist Fighters Group,1
Communist Fighting Corunim- Maria Anna Maria,1
Communist Fighting Detachments,1
Communist Fighting Front,1
Communist Fighting Nuclei,2
Communist Fighting Unit,11
Communist Front for Counterpower,2
Communist Group of Proletarian Internationalism,3
Communist Guerilla Nuclei,1
Communist Hunters Command (CCC),3
Communist Nuclear,1
Communist Nuclei of Counter Power,1
Communist Party of India,4
Communist Party of India - Maoist (CPI-Maoist),1464
Communist Party of India- Marxist,6
Communist Party of India- Marxist-Leninist,8
Communist Party of Malaysia- Marxist-Leninist,2
Communist Party of Nepal- Maoist (CPN-M),31
Communist Party of Nepal- Unified Marxist-Leninist (CPN-UML),3
Communist Party of Thailand,3
Communist Patrols for Counter Power,2
Communist Progress,2
Communist Territorial Nuclei,5
Communist Territorial Unit,1
Communist Trade Union Workers,1
Communist Warrior's Union,1
Communists,75
Communists Fighting Imperialism and Armaments,2
Comrades in Arms,1
Comrades Organized in Partisan Nuclei,1
Comuneros,1
Concerned citizens,1
Condor,3
Condor Plan Criminals,1
Confederation of Iranian Students/National Union (CISNU),1
Congolese Armed Patriotic Group,1
Congolese Liberation Party (PLC),1
Congolese National Movement- Lumumba (MNCL),2
Congolese Patriotic Resistence-Patriotic Armed Forces (Pareco/FAP),2
Congolese Rally for Democracy (RCD),1
Congress of Kabardian People,1
Congress Party Activists,3
Conqueror Army,2
Conscientious Arsonists (CA),5
Conspiracy of Cells of Fire,45
Continental Revolutionary Army,2
Continuing Struggle,1
Continuity Irish Republican Army (CIRA),27
Continuous Struggle,1
Contras,93
Convention of Liberal Reformers (CLR),1
Convention of Patriots for Justice and Peace,3
Coordination Committee (CORCOM),6
Coordination for Revolutionary Action (CAR),16
Coordination of Anti-atomic Power Plant Saboteurs,1
Coordination of the United Revolutionary Organization (CORU),13
Core Conspirators for the Extension of Chaos (Núcleo de Conspiradores por la Extensión de Kaos),1
Corsican Farmers' Front,1
Corsican National Liberation Front (FLNC),635
Corsican National Liberation Front- Historic Channel,128
Corsican Nationalists,7
Corsican Revolutionary Brigade,3
Corsican Separatists,62
Costa Rican Peoples' Army (EPC),1
Council for Popular Justice,2
Council for the Destruction of Order,1
Counter-revolutionaries,23
Counterrevolutionary Solidarity (SC),1
Coup Plotters Against the Government,1
"Covenant, Sword and the Arm of the Lord (CSA)",4
Crazy Brabant Killers,1
Croat Democratic Union,1
Croatian Freedom Fighters,5
Croatian Liberation Army,1
Croatian Militia,1
Croatian Nationalists,35
Croatian Revolutionary Cell-Bruno Busic Dept,1
Croatians,3
CSS Movement,1
Cuban Action,13
Cuban C-4 Movement,1
Cuban Exiles,22
Cuban Secret Army,1
Cubans seeking escape from Cuba,1
Cuncolta Naziunalista,1
Cypriot,1
Cyprus Turkish People's Movement,7
Dacoits,18
Dagestani Shari'ah Jamaat,5
Dainihon Yokuko Doshikai,1
Danish Neo-Nazi Group,1
Dark Harvest,2
David's Sword,1
Dawn Forces,1
Dayak gang,1
Death Squad,326
Death Squad of Organization Zero (Organizacion Cero),1
Death to Bazuqueros,6
Death to Drug Traffickers,1
Death to Kidnappers (MAS),18
Death to Rustlers,3
Death to the Demobilized Militias,1
Deccan Mujahideen,8
December 13 Independent Group,3
Defenders of the Fatherland,2
Delta Democratic Militia,1
Delta Group,3
Democratic Front for Renewal (FDR),2
Democratic Front for the Liberation of Palestine (DFLP),44
Democratic Front for the Liberation of Rwanda (FDLR),36
Democratic Iraqi Opposition of Germany,1
Democratic Karen Buddhist Army (DKBA),21
Democratic Movement for the Liberation of the Eritrean Kunamas (DMLEK),2
Democratic Party,1
Democratic Progressive Party,1
Democratic Revolutionary Alliance (ARDE),141
Democratic Revolutionary Front (FDR),4
Democratic Revolutionary Party,12
Democratic Union Party (PYD),1
Demonstration led by French Anti-Nazi Hunters,1
Demonstrators,1
Deniers of Holidays,1
Depositers angered,1
Dev Genc,1
Dev Sol,253
Dev Yol,4
Devrimici Halk Kurtulus Cephesi (DHKP/C),21
Didier Ratsiraka’s Militia,1
Dignity Command,1
Dignity for Colombia,4
Dima Halao Daoga (DHD),24
Dioulas tribal group,1
Diraa al-Shahbaa Rebel Brigade,1
Direct Action Against Drugs (DADD),4
Disgruntled Petroecuador workers,1
Dishmish Regiment,43
Dissident,2
Dissident Military Mmbrs of Northern Tribal Group,1
Dissident Republican Guard,1
Dissident Republicans,4
Dissidents linked to Zanga,1
Diyala Salvation Council,1
Dnester region guerrilas,1
Dnestr Rebels,1
Dnestr Republic Separatists,2
Dominican Popular Movement (MPD),2
Do-or-Die Corps for the Abolition of Anti-Public Taxation Systems,1
Down with Lubbers,2
Draa El Mizan Seriat,2
Drug-Related Terrorists,5
Druzes,5
Dukhta-ran-e-Millat,1
Dynamic Youth Forum,2
E. Timorese Youths,6
Eagles of the Palestinian Revolution,9
Earth First!,3
Earth Liberation Front (ELF),70
Earth Night Action Group,1
East Asia Anti Japanese Armed Front,12
East Side Action Committee,1
East Timorese Activists,15
East Turkistan Liberation Organization,1
Eastern Turkistan Islamic Movement (ETIM),4
Ecology and Antinuclear Revolutionary Party (CRAE),1
Ecuadorian Communist Youth,1
Ed'daoua Es'salafia Lilqadha,1
Eelam People's Revolutionary Liberation Front (EPRLF),7
Effiat ethnic roup or Jbibio Peoples,1
Egbema National Front,1
Egbesu Youths of the Bayelsa,2
Egyptian Revolutionary Organization,1
Egyptian Tawhid and Jihad,1
Egyptians,1
Egypt's Revolution,3
Ein Tyrol (One Tyrol),5
Ejercito de Liberacion Nacional (Bolivia),3
Ejercito Revolucionaria del Pueblo (ERP) (Argentina),85
Ejercito Revolucionario Guevarista (Guevarist Revolutionary Army),1
El Mico Rebel Gray,1
El Movimiento Revolucionario Independinista,1
Elements Police Cobra Squadron,1
El-Feth katibat,1
Elos security firm,1
Emilio Recabarren Commando,1
Enraged Revolutionaries,1
Environmental Life Force,2
Environmentalist,1
Enyele Militia,1
Eritrean Liberation Front,21
Eritrean Peoples Liberation Front,4
Eritrean Salvation Front (ESF),1
Erotic Anti-authority Cells,1
Ethiopian Dongiro tribesmen,1
Ethiopian People's Revolutionary Party,5
Ethiopians,2
Ethnic Russian Separatists,1
Etnocacerista Movement,1
Eva Peron Organization,2
Evan Mecham Eco-Terrorist International Conspiracy (EMETIC),5
Evangelical Christians,1
Ex-Somoza National Guard,23
Extortionists,4
Extraparliamentary Opposition (APO),6
Extreme Left,1
Extreme Right Commando Brigade,1
Extreme Right-wing Socialist Phalange,1
Extremist Nat'list Group,1
Extremists,28
FACDM,1
Face to Face (Face-a-Face),1
Faithful Resistance,1
Falange,1
Falangist Security Group,1
Falangist Vanguard,1
Fanatical Ecologists,1
Fanmi Lavalas,1
Faqra Tribal Group,1
Farabundo Marti National Liberation Front (FMLN),3351
Farighan,3
Farm Animal Revenge Militia (FARM),2
Farmers,5
Farmer's Movement of the Philippines (KMP),1
Fatah al Islam,2
Fatah Hawks,5
Fatah Uprising,6
Father of the Poor,1
Fatherland,1
Fatherland and Liberty Nationalist Front (FNPL - Frente Nacionalista Patria y Libertad FNPL),1
February 27 Revolutionary Armed Forces,1
February 28 Popular League (El Salvador),15
Fedayeen,3
Fedayeen Imam Mahdi,1
Fedayeen Khalq (People's Commandos),7
Fedayeen of the Imperial Iranian Monarchy,1
Federation of Students and Scholars of Cote d'Ivoire (FESCI),2
Feliciano Argueta Front,1
Fight Against Authority,1
Fighters for Communism,2
Fighters for the Liberation of the Turkish People,1
Fighters of Democratic Latvia,1
Fighters of the People,1
Fighting Communist Front,1
Fighting Communist Unit,1
Fighting Communists,1
Fighting Ecologist Movement,1
Fighting For Freedom Coalition (FFFC-Ottawa),1
Fighting Guerrilla Formation,5
Fighting Nucleus for Communism,1
Fighting Popular Rally,7
Fighting Proletarian Front,1
Fighting Proletarian Squads,13
Fighting Women,1
Fighting Workers for Communism,1
Filipino Communists,1
Filipino Soldiers for the Country,2
Fire Group,3
First Capital Command (PCC),1
First May Movement,1
First of October Antifascist Resistance Group (GRAPO),210
Flying Eagles (Vigilante Group),1
Foibe tribe,1
Forbid the Evil Group (Moslem Militants),3
Forbidden Blockade (Greece),1
Force 17,13
Force Etudiante Critique,1
Forces for the Defense of Democracy (FDD),5
Forces for the Unification of the Central African Republic (FIRCA),1
Forces of the Free Arab,1
Forces of the Struggling Ranks,4
Forest Brothers,2
"former ""comrades-in-arms""",1
Former Border Policeman,1
Former Govt. Troops,2
Former Interior Ministry Officers,3
Former members Central Investigation Office,1
Former Muslim Guerrillas,1
Former Soldiers/Police,2
Former Student Hostel,1
Forqan Group,18
Forum for the Restoration of Democracy-Kenya,2
Fourth Reich Skinheads,1
France's Honour,1
Francia,8
Francisco Villa People's Front,2
Fred Hampton Unit of the People's Forces,5
Free Aceh Movement (GAM),116
Free All Political Prisoners in Holland,1
Free Democratic People's Government of Laos,1
Free Fatherland,2
Free Fatherland Youth Guerrilla Army,1
Free Galician People's Guerrilla Army,47
Free Lebanon,1
Free Nasserite Revolutionaries,2
Free Papua Movement (OPM-Organisasi Papua Merdeka),23
Free Revolutionaries Movement-The Giants,1
Free Syrian Army,23
Free Vietnam Movement,1
Freedom Eagles of Africa,2
Freedom Party,3
French Armed Islamic Front,1
French Basque Nationalists,1
French Liberation Front,1
French National,1
Friendly Company,1
Friends of Freedom,2
Friends of Loukanikos,1
Front de Liberation du Quebec (FLQ),2
Front for Armenian Liberation,1
Front for Peace and Reconciliation (FRP),1
Front for the Liberation of Cabinda / Cabinda Armed Forces (FLEC-FAC),2
Front for the Liberation of Lebanon from Foreigners,15
Front For the Liberation of the Azores,8
Front for the Liberation of the Enclave of Cabinda (FLEC),21
Front for the Liberation of the French Somali Coast,3
Front for the National Liberation of Puerto Rico,3
Front for the Restoration of Unity and Democracy,5
Front Line Armed Nuclei (FLAN),1
Front of French National Liberation,1
Front of Resistance and National Liberation of Albanians,1
Fronte Paesanu Corsu di Liberazione (FPCL),1
Fuerza Nueva,5
Fuerzas Armadas de Liberacion Nacional (FALN),123
Fuerzas Armadas Revolucionarias del Pueblo (FARP),3
Fuerzas Autonómicas y Destructivas León Czolgoscz,1
Fuerzas Populares Jose Leonardo Chirinos,1
Fulani Militants,6
Fundamentalists,2
Furious Rebellion,1
Future movement (Lebanon),2
GAC,7
Gaddafi Loyalists,3
Galician Resistance,1
Ganda Koi,1
Gang,4
Gang separatists terrorists,1
Gangs of Conscience,2
Garo National Liberation Army,59
Gay Liberation Front,2
Gazteriak,1
Gbagbo Loyalists,7
Generation of Arab Fury,2
George Jackson Brigade,20
Georgian guerrillas,1
Georgian Militants,3
Georgian rebels,2
Georgian Sabotage Group,1
German Speaking Separatists,3
Gholam Yahya Akbar,1
Gilad Shalhevet Brigades,1
Global Intifada,3
GN-95,1
God our Father Cult,1
God's Army,2
God's Oppressed Army,2
Gono Bahini (GB),2
Government Supporters,2
GP II,1
Gracchus Babeuf,5
Great Eastern Islamic Raiders Front (IBDA-C),36
Great Japan Patriotic Party,1
Greek Anarchists' Union,2
Greek Anti-Dictatorial Youth (EAN),1
Greek Bulgarian Armenian Front,1
Greek National Socialist Organization,3
Greek Popular Resistance,1
Grey Wolves,8
Group for a Strong Revolutionary Movement,1
Group for Martyred Isam as-Sartawi,2
Group of Carlo Giuliani,1
Group Yuri Choukewitch,1
Groups Seeking Independence,1
Grozny Jamaat,1
Grupo Armado de Liberacion Argentina (GALA),1
Grupo de Combatientes Populares,2
Grupo Estrella,4
Grupo Libertad,1
Gruppe Haw Weg Den Scheiss,2
Guadalcanal Liberation Army,1
Guadalcanal Liberation Front (GLF),1
Guadeloupe Liberation Army,7
Guadeloupe Separatists,1
Guajajara Tribe,1
Guardians of the Islamic Revolution,2
Guards of the Fighting Proletariat,1
Guardsmen of Islam,2
Guatemalan Communist Party,2
Guatemalan hired assasins,1
Guatemalan Labor Party (PGT),22
Guatemalan National Revolutionary Unity (URNG),131
Guaycaipuro Indians,1
Guerilla Party of the Galician Poor,3
Guerrilla Army of the Poor (EGP),157
Guerrilla Command Force 97,1
Guerrilla Commando of the people,1
Guerrilla Forces for Liberation,7
Guerrilla Movement of the Poor (MGP),1
Guerrillas,51
Guerrillas of Christ the King,2
Gugama Youth Federation,1
Gulbuddin Hekmatyar group,5
Gulf Cartel,1
Gun runners,1
Gunmen,280
Gunmen loyal to Mohammad Farah Aideed,1
Gurkha National Liberation Front (GNLF),59
Gutierrez Gomez Resistance Group,2
Habi's Er'roub seriat,1
Habr Gedir Clan,3
Haika,1
Hamas (Islamic Resistance Movement),306
Hamawand Tribe,1
Hanafi Muslims,3
Hanchongryun,1
Haqqani Network,62
Harakat Ansar Iran (HAI),1
Harakat ul-Mujahidin (HuM),3
Harakat ul-Mujahidin Al-Almi,1
Harakat-i-Inqilahi-i-Islami,1
Harkat ul Ansar,11
Harkatul Jihad-e-Islami,12
Hasmoneans (Jewish Settler Group),1
Hatikvah Leumi or National Hope,1
Hauso Ethnic Group,1
Hector Rio De Brigade,1
Hekla Reception Committee-Initiative for More Social Eruptions,5
Hells Angels,1
Heroes of Canto Grande,1
Hezb-e Wahdat-e Islami-yi Afghanistan,5
Hill Students Council,1
Hill Tiger Force (HTF),4
Himali Tigers,1
Hindu Group,8
Hiroyuki Jo,1
Hizb al-Tahrir al-Islami (HT),2
Hizballah,375
Hizballah Palestine,3
Hizb-I-Islami,28
Hizbul al Islam (Somalia),17
Hizbul Mujahideen (HM),91
Hmar People's Convention-Democracy (HPC-D),1
Hofstad Network,1
Holders of the Black Banners,1
Holy Spirit Movement,7
Homeland and Freedom Group,1
Honour of the Police,1
hooded men,1
Hoodie Wearers,1
Hotaru (Firefly),1
Hubay Qah Group,1
Human Rights Defence Committee,1
Human Rights Protesters,3
Human Rights Renewal Movement (Renovacion por los Derechos Humanos),1
Hungarian exile,1
Hungarian Skin Head Group,1
Huria Kristen Batak Protestan (HKBP),4
Hushaysh Tribal Members,1
Huthis,14
Hutus,167
Hutus Former Soldiers,5
H-World/Heavenly Group,1
Hynniewtrep National Liberation Council (HNLC),2
Iberian Anarchist Federation,3
Iberian Liberation Movement (MIL),10
Iconoclasts,1
Idealist Association,3
Idriss Miskine Group,1
Igbo tribal group,1
Ijaw militants,5
Ikhwan Jammu and Kashmir,2
Ikhwan-ul-Muslimeen,3
Illuminating Paths of Solidarity,6
Imam Hussein Brigade,1
Imperial Iranian Patriotic Organization,1
Independence Advocates,1
Independent Albanian Movement,1
Independent Armed Revolutionary Commandos (CRIA),19
Independent Nasserite Movement,2
Independent Peasants Union,5
Indian Mujahideen,18
Indian Tigers,1
Indians,1
Indigenous People's Federal Army (IPFA),1
Indipendenza,10
Individual,404
Individuals claimed to be policemen,1
Individuals Tending Toward Savagery,1
Informal Anarchist Federation,25
Ingush Rebels,3
Initiative de Resistance Internationaliste,1
Inkatha Freedom Party (IFP),50
Inkotanyi,2
Institutional Revolutionary Party (PRI),14
Insurgency Commune,1
Insurgents,13
Internal Front,1
International Anti-Communist Intelligence Service,1
International Committee Against Nazism,5
International Communist Brigade,1
International Communist Group,2
International Justice Group (Gama'a al-Adela al-Alamiya),1
International Mercenary Brigade,2
International Movement of the Prolitariat,1
International Proletarian Groups,1
International Revolutionary Action Group (GARI),25
International Revolutionary Front,1
International Revolutionary Solidarity,6
International Solidarity,2
Internationalist Cells,3
Intifada Martyrs,1
Into the Blue Commando of the Revolutionary Cells,2
Iparretarrak (IK),57
Iranian dissident group,1
Iranian exiles,1
Iranian Extremists,2
Iranian Militants,1
Iranian Monarchists,1
Iranian Revolution Organization,1
Iranians,17
Iraqi Communists,2
Iraqi Democratic Front,2
Iraqi Islamic Vanguards for National Salvation (IIVNS),2
Iraqi Liberation Army,1
Iraqi Moslems,1
Iraqi Mujahideen,9
Iraqi National Congress (INC),2
Iraqi Revolutionary Forces,4
Iraqi Strugglers' Movement,1
Iraqi Sunni Extremists,8
Iraqis,7
Iraq's Jihadist Leagues,3
Irian Jaya Rebels,2
Irianese Tribesmen,2
Irish National Liberation Army (INLA),122
Irish People's Liberation Organization (IPLO),21
Irish Republican Army (IRA),2673
Irish Republican Extremists,93
Isatabu Freedom Movement (IFM),1
Islam Liberation Front,2
Islambouli Brigades of al-Qa'ida,5
Islami Jamiat-e-Talaba (IJT),2
Islamic Action Organization,1
Islamic Arab Front of Azawad (FIAA),2
Islamic Army in Iraq (al-Jaish al-Islami fi al-Iraq),8
Islamic Brotherhood,1
Islamic Cause Organization,2
Islamic Companies,1
Islamic Courts Union (ICU),12
Islamic Defenders' Front (FPI),2
Islamic Fateh,1
Islamic Front,4
Islamic Front for the Liberation of Bahrain,1
Islamic Front for the Liberation of Palestine (IFLP),1
Islamic Golden Army,1
Islamic Holy Star,1
Islamic Jihad Beit-al Maqdis Group,1
Islamic Jihad Brigades,1
Islamic Jihad Group (IJG),4
Islamic Jihad Organization (Yemen),2
Islamic Jihad Union (Uzbekistan),2
Islamic Legion,1
Islamic Liberation Organization,1
Islamic Movement for Change,1
Islamic Movement of Kashmir,2
Islamic Movement of Martyrs,1
Islamic Movement of Uzbekistan (IMU),4
Islamic Movement Organization,2
Islamic Mujahidin,3
Islamic Party (Somalia),2
Islamic Party of Kenya (IPK),3
Islamic Renewal Movement,1
Islamic Revenge Organization,2
Islamic Revival Movement,1
Islamic Revolutionary Command,1
Islamic Salvation Front (FIS),153
Islamic Salvation Front (Palestine),1
Islamic Shashantantra Andolon (ISA),2
Islamic State of Iraq (ISI),144
Islamic Struggle Front,1
Islamic Swords of Justice in the Land of Ribat,1
Islamic Tendency,1
Islamic Unification Movement,1
Islamist Extremists,194
Islamist Sufi Group,1
Israel Militant,1
Israeli Extremists,4
Israeli Settler,20
Israeli Terrorist Group,4
Issa and Gurgura Liberation Front,1
Issui Kai,1
Italian Combatents for Alto Adige,1
Italian Extreme Nationalist Organization,1
Italian Social Movement (MSI),17
Italians Attacking Policies of the Regional  SVP,1
Itsekiri,1
Ittehad-i-Islami,2
Ivorian Popular Front,1
Izberbash Gang,1
Jacinto Araujo Internationalist Rebel Insurrectionist Brigade,1
Jacques de Molay Group,1
Jadid Al-Qa`idah Bangladesh (JAQB),3
Jagrata Towhidi Janata (Rising Faithfuls),1
Jaime Bateman Cayon Group (JBC),6
Jaish al-Ta'ifa al-Mansura,2
Jaish Al-Umma (Army of the Nation),1
Jaish Usama,1
Jaish-e-Islam,4
Jaish-e-Mohammad (Iraq),1
Jaish-e-Mohammad (JeM),22
Jaljala Army,1
Jamaah Ansharut Tauhid (JAT),8
Jamaat-al-Fuqra,5
Jamaat-E-Islami (Bangladesh),16
Jamaat-E-Islami (India/Pakistan),10
Jama'atul Mujahideen Bangladesh (JMB),20
Jamaica Labor Party,2
Jamiat ul-Mujahedin (JuM),10
Jamiat-e Islami-yi Afghanistan,3
Jammu and Kashmir Islamic Front,3
Jammu and Kashmir Liberation Front,55
Janatantrik Terai Madhes Mukti Party- Bhagat Singh (JTMMP),1
Janatantrik Terai Madhesh Mukti Morcha (JTMMM),7
Janatantrik Terai Mukti Morcha (JTMM),28
Janatantrik Terai Mukti Morcha- Bisphot Singh (JTMM-B),3
Janatantrik Terai Mukti Morcha- Goit (JTMM-G),27
Janatantrik Terai Mukti Morcha- Jwala Singh (JTMM-J),78
Janatantrik Terai Mukti Morcha- Prithvi Singh (JTMM-P),2
Janatantrik Terai Mukti Morcha- Rajan Mukti (JTMM-R),13
Janatantrik Terai Mukti Morcha- Ranbir Singh (JTMM-RS),1
Janjaweed,8
January 22,2
Japan National Youth Alliance,1
Japan Socialist Youth League of the Revolutionary Workers' Association,1
Japanese Independence Patriotic Party,1
Japanese Red Army (JRA),9
Jarnail Khalsa,1
Jarrai,2
Jatav Caste,1
Javier Heraud Revolutionary Commando,1
Jaysh al-Muslimin (Army of the Muslims),2
Jemaah Islamiya (JI),74
Jenin Martyrs Brigades,1
Jerusalem Groups Hebrew (Qvutzot Yerushalayim),1
Jewish Armed Resistance,19
Jewish Combat Organization,1
Jewish Committee of Concern,3
Jewish Defenders,1
Jewish Defense League (JDL),80
Jewish Defense Organization,1
Jewish Direct Action,1
Jewish Extremists,35
Jewish Fighting Organization (Eyal),1
Jewish Terror,10
Jharkhand Janmukti Parishad (JJP),1
Jharkhand Liberation Tigers (JLT),6
Jharkhand Tribal Forces,2
Jihad Brigades,1
Jihad Islamic League Front,1
Jihadi Movement of the Sunna People of Iran,1
Jihadist Soldiers,1
Joint Meeting Parties (JMP),1
Joint Palestinian leftist organization,1
Jonathan Jackson Brigade,1
Jordanian Islamic Resistance,2
Jordanian Masses Organization,1
Jordanian National Liberation Movement,1
Jordanian Revolutionary and Military Committee (MOUAB),2
Jorge Eliecer Gaitan Nationalist Movement,2
Jorge Martinez Association of Combatants,1
Jose Benito Escobar Workers Federation,1
Juan Antonio Lavalleja Command,1
Juan Rayo Guerilla Group,1
Juarez Cartel (Carrillo-Fuentes / Mexico),1
July 14 Movement,1
Junaid Jihadist Battalion,1
Jund al-Sahabah Group,1
Jund al-Sham for Tawhid and Jihad,6
Jund Al-Tawid,1
Jundallah,18
June 16 Organization,1
Just Punishment Brigades,1
Justice and Equality Movement (JEM),15
Justice and Liberty Warriors,1
Justice Army for Defenseless Peoples,1
Justice Commandos for the Armenian Genocide,47
Justice Guerrillas,1
Justice Party,1
Kabataang Makabayan (KM),1
Kabul Government Agents,1
Kach,12
Kachin Independence Army (KIA),17
Kachin Insurgents,2
Kahane Chai,2
Kaingang Indians,1
Kaitseliit Paramiltary Group,1
Kaka-Tribesmen,2
Kalpar Tribesmen,2
Kamajor Hunters,2
Kamal Boulander Group,1
Kamal Udwan Unit of Palestinians,1
Kampuchean Peoples National Liberation Army,1
Kamtapur Liberation Organization (KLO),4
Kanak Separatists,4
Kanak Socialist National Liberation Front,5
Kanakas,2
Kanglei Yawol Kanna Lup (KYKL),9
Kangleipak Communist Party (KCP),32
Kara clan,1
Karabulak Gang,1
Karamojong Warriors,3
Karamyit Singh,1
Karbi Longri National Liberation Front (KLNLF),2
Karbi Longri North Cachar Liberation Front (KLNLF),15
Karbi National Volunteers (KNV),3
Karbi People's Liberation Tigers (KPLT),9
Karbi Tribe,1
Karen Insurgents,21
Karen National Union,79
Karenni National Progressive Party,3
Karnataka State Farmers Association,1
Kashmir Freedom Force,1
Kashmiri Hizballah,3
Kashmiri Militants,76
Kata'ib al-Khoul,2
Katap Ethic Group,1
Katsina Muslim Society,1
Katsuhisa Omori,2
Kawal ng Pilipinas (Soldier of the Philippines),1
Kentavros,1
Kenya African National Union (KANU),5
Kenyan rebels from Uganda,1
Keshet,7
Khalid ibn Walid,1
Khalid ibn Walid Brigade,1
Khalistan Commando Force,20
Khalistan Liberation Force,15
Khalistan Zindabad (Long Live Khalistan),2
Khasi Students Union,2
Khmer Bandits,2
Khmer Rouge,160
Khmer Serei Guerrillas,1
Khomeynites,1
Khorasan jihadi group,2
Khristos Kasimis,5
Khumbuwan Mukti Morcha,2
Khun Sa Guerrillas,5
Kidnapping gang,1
Kim Pyongnil Supporters,1
King Street,1
Kirat Janabadi Workers Party,5
Kisan Indian Organization,7
Kisar Liberation Movement,1
Kisii Activists,1
Knights Templar (Caballeros Templarios),1
Koetoh Reh,1
Kokang,1
Kolla Benjo Cruz Command,2
Komando Jihad (Indonesian),1
Korea Univ. Students,1
Korean Youth League,1
Koreans,2
Korubo Tribe,1
Kosovo Liberation Army (KLA),54
Kotoko Tribal Group,2
Krause Group,2
Krikapi Indians,1
Ku Klux Klan,23
Kuki Liberation Army (KLA),4
Kuki National Army (KNA),3
Kuki National Front (KNF),3
Kuki National Liberation Front (KNLF),2
Kuki Revolutionary Army (KRA),3
Kuki Tribal Militants,1
Kuki tribesmen,6
Kuna Indians,7
Kurdish Democratic Party-Iran (KDP),4
Kurdish Democratic Party-Iraq (KDP),9
Kurdish demonstrators,1
Kurdish Dissidents,10
Kurdish guerrillas,3
Kurdish Independence Group (name unk),1
Kurdish Islamic Unity Party,1
Kurdish Marxist Separatists,1
Kurdish Militants,17
Kurdish Oppositionists,1
Kurdish Peshmerga Guerrillas,1
Kurdish Protestors,2
Kurdish Rebels,7
Kurdish Separatists,10
Kurdish Sympathizers,5
Kurdistan Free Life Party,10
Kurdistan Freedom Hawks (TAK),15
Kurdistan National Union,2
Kurdistan Workers' Party (PKK),1370
Kurds,17
Kyongbuk University Dental College Students,1
La Paz peasants federation,1
Labor Union Leaders,1
Laiq Chanio Group of Dacoit Bandits,1
Landless Peasants' Movement (MST),7
large group,1
Lashkar-e-Balochistan,4
Lashkar-e-Islam (Pakistan),62
Lashkar-e-Jhangvi,62
Lashkar-e-Omar,2
Lashkar-e-Taiba (LeT),106
Lashkari-e-Adam (Army of Adam),1
Laskar Jihad,7
Last Alternative Guerrilla Front,1
Last Generation,1
Latin America Anti-Communist Army (LAACA),4
Latin American Anti-Fascist Command,3
Latvian Republic Volunteer Troops,1
Lavalas Supporters,1
League of Communists,2
League of French Fighters Against Jewish Occupation,1
League of the 18,1
Lebanese and Palestinian Resistance Fighters,1
Lebanese Arab Army,1
Lebanese Armed Revolutionary Faction (LARF),8
Lebanese Free Will Movement,1
Lebanese Liberation Front,7
Lebanese male,1
Lebanese Man,1
Lebanese National Resistance Front,26
Lebanese Resistance Group,1
Lebanese Secret Army,1
Lebanese Socialist Revolutionary Organization,4
Lebanese Terrorist Group,1
Left wing activists,3
Left wing student group,1
leftist guerrillas-Bolivarian militia,1
Leftist youths,1
Left-Wing Demonstrators,6
Left-Wing Extremists,13
Left-Wing Guerrillas,127
Left-Wing Militants,173
Left-wing separatists,1
Left-Wing Terrorists,50
Left-Wing Workers,3
Lesotho Liberation Army (LLA),12
Libardo Moratoro Front,1
Liberation and Justice Movement (LJM),3
"Liberation Army for Presevo, Medvedja and Bujanovac (UCPMB)",1
"Liberation Army for Presevo, Medvedja and Bujanovac (Ushtria Çlirimtare e Preshevës, Medvegjës dhe Bujanocit - UCPMB)",2
Liberation Battalion,1
Liberation Commando Rudolf Hess,1
Liberation Front of Southern Sudan,1
Liberation Front of the Senegalese People,1
Liberation Hawks,1
Liberation Tigers of Tamil Eelam (LTTE),1606
Liberation War Veterans Association,1
Liberation Youth Coordinating Board,1
Liberia Peace Council,1
Liberian Rebel Group,1
Liberians United for Reconciliation and Democracy (LURD),6
Libyan,4
Libyan Students,2
Libyan Students (Sponsored by Qadaffi Regime),1
Liga Agraria Campesina,1
Likud Political Party,3
Lithuanian Land Guard,1
Local Extremist,1
Local landlord employee,1
Local Residents,1
Lolita Lebron Puerto Rican Liberation Command,1
Lone Jew,1
Long-time Muslim immigrants from Bangladesh,5
Lord's Resistance Army (LRA),227
Lorenzo Zelaya Revolutionary Front (LZRF),40
Los Barriales,1
Loyalist Action Force,1
Loyalist Volunteer Forces (LVF),26
Loyalists,3
Lufa Tribesmen,1
Luis Boitel Commandos,9
LW,1
Lybyan-Backed Group against opponents of Qadaffi,1
M12J,1
M-19 (Movement of April 19),554
M-19 Splinter,1
M23,1
M-5,2
M-7,2
Maasai,1
Maccabee Squad and the Shield of David,2
Macedonian nationalists,1
Macetos (Paramilitary Group),1
Macheteros,37
Madhesh Mukti Sangram (MMS),1
Madhesh Rastra Janatantrik Revolutionary (RJR) - Nepal,3
Madhesi Mukti Tigers (MMT),8
Madhesi People’s Rights Forum (MPRF),3
Madhesi Virus Killers,1
Mafia,9
Mahan Madhesh Janakantri Party (MMJP)- Nepal,4
Mahaz-e-Inquilab,3
Mahaz-e-Milli Islami Afghanistan,1
Mahdaviyat,1
Mahdi Army,18
Mahidi,1
Mahir Cayan Suicide Group,1
Mahsud Tribe,1
Mai Mai Simba Militia,1
Majerten clansmen,1
Major Muhammad Zuhnyn Group,1
Malaysian Communist Party,2
Mali students,1
Malitia-Pro Govt,1
Manatari Brotherhood,1
Mandela Soccer Club,1
Mano Blanca,5
MANO-D,1
Manuel Ascencio Padilla Group,1
Manuel Gonzales Patriotic Front,2
Manuel Jose Arce Commando,6
Manuel Rodriguez Patriotic Front (FPMR),830
Maoist Communist Center (MCC),35
Maoist Farm Laborers Struggle Committee (MXSS),1
Maoists,444
Maori,1
Marhan Clan,1
Mariano Moreno National Liberation Commando,3
Martyr Abu Ja'far Group,2
Martyr Ahmad Alishuay B Group,1
Martyr Ali Nasir group,1
Martyr Riyad Taha Group,1
Martyr Sami al-Ghul Brigades,1
Martyrs Halim Group,1
Martyrs of Baalbek,1
Martyrs of La Talanguera,2
Martyrs of Saad Sayel,1
Martyrs of Tell Al-Zaltar,1
Martyrs revenge organization,1
Maruseido (Marxist Youth League),2
Marxist Peoples Fedayeen of Iran,1
Marxist Resistance Movement,1
Marxist-Leninist Armed Propaganda Unit,6
Marxists,15
"Masada, Action and Defense Movement",1
Maskini Liberation Front,3
Massive escape,1
Matan Abdulle,1
Maximiliano Gomez Revolutionary Brigade,14
Maximiliano Hernandez Martinez Brigade,7
May 15,1
May 15 Organization for the Liberation of Palestine,9
May 19 Communist Order,20
May 36,1
May 98,2
Mayi Mayi,18
Mazari Tribesmen,1
Mazdoor Kisan Sangram Samiti (MKSS),1
Medellin Drug Cartel,3
Meibion Glyndwr,31
Meinhof-Puig-Antich Group,5
Meitei extremists,1
Mercenaries,2
Merille Militia,3
Mesopotamian Army (MEZOR),1
Mexican Revolutionary Movement,1
Mexican Students,1
Miguel Angel Cabrera Command,1
Miguel d'Escoto Brockman Community Movement,1
Mikhail Kaltezas Anarchist Organization,1
Milicias Rodriguistas,4
Militant Argentine Patriots,1
Militant Cells,1
Militant Forces Against Huntingdon,1
"Militant Islamic Group, name not stated",1
Militant Minority (Greece),2
Militant Moslem Pilgrims,1
Militant Movement for Madagascan Socialism (MMSM),1
Militant Organization of Russian Nationalists,1
Militant Peasants (NFI),2
Militant Welsh,1
Militant Zionist Resistance Movement,1
Militants,77
Militants of the National Action Party,1
Military Council for the True Liberation of Albania,1
Military Liberation Front of Colombia,1
Militia Members,12
MILPAS Contras,1
Miners,2
Minority Unity Forum,1
Minutemen American Defense,1
Miscreants,5
Miskito Indian Organization,4
Misseriya Arab Tribesmen,1
Misurasata Indian Organization,34
Mizo National Front,14
MLA,1
Mlada Bosna,1
MNR of the Left,1
Mob,7
Modakeke Ethnic Activists,2
Modakeke Ethnics,4
Mohajir National Movement,9
Mombasa Republican Council (MRC),3
Mon Guerrillas,4
Mon Insurgents,4
Mong Thai Army (MTA),2
Mongolian Mukti Morcha,1
Montoneros (Argentina),116
Montoneros Patria Libre,5
Morazanist Front for the Liberation of Honduras (FMLH),6
Mormon Extremist,1
Moro Islamic Liberation Front (MILF),336
Moro National Liberation Front (MNLF),183
Moro National Liberation Front Splinter group,1
Moslem Activists,51
Moslem Janbaz Force,3
Moslem Liberation Front,1
Moslem opponents of Gemayel,1
Moslem Paramilitary Group,1
Motherland Party,1
Mouhajiroune Brigade,1
Mousa Ismail sub-clan,1
Movement for Cuban Justice (Pragmatistas),1
Movement for Democracy and Development (MDD),1
Movement for Democracy and Justice in Chad (MDJT),2
Movement for Democratic Change (MDC),3
Movement for Dignity and Soverignty,1
Movement for Oneness and Jihad in West Africa (MUJAO),6
Movement for Rebuilding Fatah,1
Movement for Self-Determination,1
Movement for the Actualization of the Sovereign State of Biafra (MASSOB),3
Movement for the Emancipation of the Niger Delta (MEND),72
Movement for the Protection of Jerusalem,1
Movement for the Supremacy of Reason,1
Movement for Triqui Unification and Struggle,1
Movement of Democratic Forces of Casamance,73
Movement of Islamic Action of Iraq,2
Movement of Niger People for Justice (MNJ),9
Movement of the Islamic State (MEI),1
Movement of the Revolutionary Left (MIR) (Bolivia),1
Movement of the Revolutionary Left (MIR) (Chile),306
Movement of the Revolutionary Left (MIR) (Peru),7
Movement of the Revolutionary Left (MIR) (Venezuela),2
Movement of the Third Reich,1
Mozambican Rebels,2
Mozambique Liberation Front (FRELIMO),2
Mozambique National Resistance Movement (MNR),200
Mozambique Rightest Rebels,1
Muhammed Shuqayr Group,1
Mujahedeen Army,2
Mujahedeen Brigades,1
Mujahedeen Corps in Iraq,2
Mujahedeen Group,1
Mujahedeen Shura Council,8
Mujahedeen Shura Council in the Environs of Jerusalem,1
Mujahedin Kompak,1
Mujahedin-e Khalq (MEK),112
Mujahideen Islam Pattani,4
Mujahideen Kashmir,6
Mujahideen Youth Movement (MYM),23
Mujahidin Ambon,1
Mullah Dadullah Front,1
Munadil al-Jumalyi Brigade,1
Mungiki Sect,4
Murle Tribe,1
Musa Sudi Yalahow Militia,1
Muslim Brotherhood,89
Muslim Commando (Iraqi revolutionary brothers),1
Muslim Demonstrators,5
Muslim Extremists,30
Muslim Fundamentalists,116
Muslim Guerrillas,13
Muslim Militants,294
Muslim Rebels,47
Muslim Separatists,160
Muslim United Army (MUA),1
Muslim United Liberation Tigers of Assam (MULTA),1
Muslim Youth,3
Muslims,47
Muslims Against Global Oppression (MAGO),1
Mustafa Aktas Fighting Unit,1
Mutahida Majlis-e-Amal,2
Muttahida Qami Movement (MQM),170
Mwakenya Dissident Movement,2
Naga National Council (NNC),1
Naga People,17
Naga People’s Council (NPC),1
Naga Students Federation,2
Nahzat e Eslami,1
Najib Watan Party Faction,1
Namchong-Nyon Students,1
Nandi Tribe,4
Nara Red Army,1
Narco-Terrorists,368
National Accord Movement,1
National Alliance (Chad),3
National Anti Communist Commando,3
National Anti-Corruption Front (FNA),1
National Army for the Liberation of Uganda (NALU),1
National Awami Party,1
National Bolshevik Party (Partiya Natsionalnikh Bolshevikov – PNB),1
National Committee Against Independence (CNCI),2
National Committee for the Restoration of Democracy and State (CNRDR),1
National Committee to Combat Fascism,2
National Congress for the Defense of the People (CNDP),5
National Council for Defense of Democracy (NCDD),15
National Council of Maubere Resistance,1
National Defense Youth Corps,1
National Democratic Alliance (NDA),1
National Democratic Alliance of Sudan,1
National Democratic Front of Bodoland (NDFB),95
National Democratic Front of Liberia,1
National Democratic Party,2
National Development Party (NDP),1
National Front (Greece),1
National Front Against Tigers (NFAT),3
National Front for the Liberation of Belgium,1
National Front for the Liberation of Cuba (FLNC),22
National Front for the Revolution in Burundi (FRONABU-Tabara),2
National Front for the Salvation of Libya,4
National Front Security Service,1
National Independent Committee for Political Prisoners and Persecuted and Missing Persons,2
National Integration Front (FIN),4
National League for Democracy,2
National Liberation Alliance of Sa Kaeo,1
National Liberation Army (Ecuador),3
National Liberation Army (El Salvador),1
National Liberation Army (Nepal),1
National Liberation Army (NLA) (Macedonia),35
National Liberation Army (Peru),2
National Liberation Army of Colombia (ELN),1300
National Liberation Front (FNL) (Burundi),26
National Liberation Front of Chad,1
National Liberation Front of Tripura (NLFT),64
National Liberation Movement Party,1
National Liberation People's Front (FPLN),1
National Liberation Union,2
National Movement Against the Mahgreb Invasion,1
National Movement of Iranian Resistance,1
National Organization of Cypriot Fighters (EOKA),6
National Patriotic Front of Liberia (NPFL),16
National People’s Party (Rashtriya Janata Dal - RJD),1
National People's Movement Coordination Committee,3
National Redemption Front,1
National Renewal Party,1
National Republican Alliance Party,1
National Republican Movement for Democracy and Development (MRND),1
National Resistance Movement (NRM),4
National Revolution,3
National Revolutionary Command (Umar al-Mukhtar),3
National Revolutionary Front,1
National Salvation Forces Organization,1
National Socialist Civic Workers Movement,2
National Socialist Council of Nagaland,17
National Socialist Council of Nagaland-Isak-Muivah (NSCN-IM),41
National Socialist Council of Nagaland-Khaplang (NSCN-K),13
National Socialist Liberation Front,1
National Union for the Total Independence of Angola (UNITA),431
"National United Front for an Independent, Neutral, Peaceful, and Cooperative Cambodia (FUNCINPEC)",2
National United Front of Democracy Against Dictatorship (UDD),1
National Youth Resistance Organization,1
National Youth Service of Zimbabwe,1
Nationalist Integrationist Front (FNI),1
Nationalist Intervention Group,3
Nationalist Patriotic Alliance (APN),4
nationalist students,1
Naxalites,67
Nazi Boerestat Party,1
Neo-Fascists,11
Neo-Nazi Group,230
Nepal Defense Army,6
Nepali Congress Party (NC),1
Nestor Paz Zamora Commission (CNPZ),3
New Armenian Resistance,12
New caledonian independence supporters,1
New Indigenous Army,1
New Jewish Defense League,4
New Order,2
New Order- France,4
New Partisans Movement,2
New Patriotic Party (NPP),2
New People's Army (NPA),1413
New Revolutionary Popular Struggle (NELA),1
New Ugandan Army,1
New World Liberation Front (NWLF),86
New Year's Gang,4
Nicaraguan  Revolutionary Armed Force,2
Nicaraguan Counter Revolutionaries (group unk),2
Nicaraguan Democratic Anti-Communist Movement,1
Nicaraguan Democratic Force (FDN),895
Nicaraguan Resistance,231
Nicaraguans protesting their government,1
Niger Delta Freedom Fighters (NDDF),1
Niger Delta Liberation Force (NDLF)-Nigeria,3
Niger Delta People's Volunteer Force (NDPVF),3
Niger Delta Vigilante (NDV),3
Nihilists Faction,2
Ningo Tribe,1
Ninjas,9
Ninth of June Organization,8
Nobles of Jordan,1
Nomadic AFARS,1
Nordisk Rikspartiet (Nordic National Party),1
North Korean involvement commandos,1
Northern Diriangen Front (FND),3
Northern Epirus Liberation Front (MAVI),1
Northern Terror Front,3
November 10 (Bolivia),1
November 17 Revolutionary Organization (N17RO),112
November 21 Organization,5
Nuclear Liberation Front,1
Nuclei Communist Combattants,1
Nucleus of Fighting Communists,1
Nucleus of the Armed Struggle,1
NVF,4
OAS-MRP,6
October 11 Group,1
October Third Movement,1
October-80,3
Odua Peoples' Congress (OPC),2
Official Irish Republican Army (OIRA),40
Ogaden National Liberation Front (ONLF),5
Oglaigh na hEireann,18
Ohabi Islamic Sect,1
Okinawa Liberation League,1
Omar Bin Khattab Group,1
Omar Torrijos Commando for Latin American Dignity,1
Omega-7,55
Opossition 48 hour general strikers,1
Opponents of Regime,1
Opposition Group,99
Opposition Jatiya Samajtantrik Del Party,1
Opposition Militants,6
Opposition movement of Colon Province Unemployed,1
OPR-33,1
Orange Volunteers (OV),11
Orde Boerevoik,1
Organizacion Democratica Nacionalista (ORDEN),2
Organization 544,1
Organization Alliance of Cuban Intransigence,1
Organization for Purging the Majlis (Parliament),1
Organization for the Defense of Detainees Rights,1
Organization for the Liberation of France from Jewish Occupation,1
Organization for the oppresed in Egypt's Prisons,1
Organization for Zionist Retribution,1
Organization of Anti-Fascist Students,1
Organization of Arab Fedayeen Cells,1
Organization of Avenging Palestinian Youth,1
Organization of Mauritanian Nationalists,1
Organization of Metropolitan Proletariat and Oppressed Peoples,1
Organization of Mujahadin of Islam,1
Organization of Soldiers of the Levant,1
Organization of the Sons of Occupied Territories,2
Organization of Volunteers for the Puerto Rican Revolution,15
Organized Comrades for Feminist Counter-Power,3
Organized Comrads for Communism,1
Organized Crime,2
Organized Proletarian Communists,3
Orly Organization,9
Oromo Liberation Front,8
Other,465
Otpor,4
P.R.E.,1
Pacific Popular Front,1
Pacifist and Ecologist Committee,2
Pakistan Muslim League (PML),1
Pakistani People's Party (PPP),8
Pakistani trained terrorists,1
Palestine Liberation Front (PLF),8
Palestine Liberation Organization (PLO),175
Palestinian Activists,1
Palestinian Forces,1
Palestinian Hezbollah,2
Palestinian Islamic Jihad (PIJ),169
Palestinian Liberation Command,1
Palestinian Revolution Forces,6
Palestinian Students,1
Palestinian support group,1
Palestinian/Lebanese nationalists,2
Palestinian-nationalist Lebanese joint movement,1
Palestinians,1139
Pan Africanist Congress (PAC),5
Panama Defense Force,3
Panthic Committee,1
Pan-Turkish Organization,1
Paraguayan People's Army (EPP),9
Paramilitaries,41
Paramilitary members,1
Parbatya Chattagram Jana Sanghati Samity (PCJSS) - Bangladesh,1
Pareci Indians,1
Partido Marxista-Leninista ng Pilipinas (PMLP),1
Partisan Sharpshooters,1
Party for Democracy anti-nuclear-test protesters,1
Party for the Liberation of the Hutu People (PALIPEHUTU),39
Party of National Conciliation,1
Party Unity,1
Pataxo Indians,1
Pathan Tribal Group,1
Patria Nueva (New Country),3
Patria y Libertad (Fatherland and Liberty),1
Patriotic Command San Jose,1
Patriotic Liberation Front,5
Patriotic Liberation Front (FPL),1
Patriotic Morazanista Front (FPM),26
Patriotic Moroccan Front,1
Patriotic Resistance Army (ERP),1
Patriotic Resistance Front in Ituri (FRPI),1
Patriotic Union of Kurdistan (PUK),7
Pattani United Liberation Organization (PULO),32
Paupa New Guinea Troops,1
Peace Conquerors,1
Peasant Militants,1
Peasant protesters,2
Peasant Self-Defense Group (ACCU),24
Peasant Squatters,1
Pedro Albizu Campos Revolutionary Forces,7
Pedro Leon Arboleda (PLA),7
Pemuda Pancasila,1
Pentagon Kidnap Group,1
People Against Gangsterism and Drugs (PAGAD),9
People's Alliance,2
People's Amn Committee,1
People's Armed Revolutionary Branch,1
People's Army (Myanmar),6
People's Army (Nicaragua),1
People's Brigade For A Healthy Genetic Future,1
People's Command,1
People's Committee against Police Atrocities (PCPA),22
People's Democratic Army,4
People's Democratic Party (PDP),2
People's Democratic Struggle Movement,1
People's Fatherland Movement,8
People's Guerrilla Front,1
People's Guerrilla Movement,1
People's Information Group,1
People's Liberation Army,1
People's Liberation Army (India),34
People's Liberation Army (Mexico),1
People's Liberation Army (Northern Ireland),1
People's Liberation Army (United States),1
People's Liberation Force,1
People's Liberation Forces (FPL),167
People's Liberation Front (JVP),433
People's Liberation Front of India,18
People's Liberation Front of Niger,1
People's Liberation Movement,3
People's Liberation Organization of Tamil Eelam,4
People's Military Organization (OMP),1
People's Militia of Dagestan,2
People's National Liberation Movement,1
People's Rebellion,1
People's Resistance Organized Army,1
People's Revolutionary Army (ERP),10
People's Revolutionary Army (ERP) (El Salvador),64
People's Revolutionary Command (CRP),5
People's Revolutionary Militias (MRP),4
People's Revolutionary Organization,14
People's Revolutionary Organization- Colombia (ORP),2
People's Revolutionary Party,1
People's Revolutionary Party (Tanzania),1
People's Revolutionary Party of Kangleipak (PREPAK),18
People's Revolutionary Party of Kangleipak-Progressive (PREPAK-P),1
People's Revolutionary Union,1
People's Sovereignty Party (PDR),1
People's Tamil Organization,2
People's Temple,1
People's United Democratic Movement (PUDEMO),1
People's United Liberation Front (PULF),6
People's War Group (PWG),97
Peronist Armed Forces (FAP),9
Personnel of the National Information Center,1
Peruvian Anti-Communist Alliance (AAP),1
Peruvian Rebels,1
Pessach Group,2
Peykar,1
Phalange,5
Phillipine Moslems,1
Phineas Priesthood,2
Pirates,12
Plowshares,1
Policarpa Salauarpieta (Women's Command),1
Polisario Front,19
Polish,2
Polish Revolutionary Home Army,1
Polish Skinheads,1
Political Activists,13
Political Group,13
Political Military Organization of Paraguay,1
Politico-Military Revolutionary Command,1
Poor People's Party,2
Popular Anti-Communist Militias,3
Popular Army for the Restoration of Democracy (APRD),1
Popular Army Vanguards- Battalions of Return,2
Popular Democratic Movement (MPD),1
Popular Forces of April 25,47
Popular Front for Justice in the Congo,5
Popular Front for Recovery (FPR),1
Popular Front for the Liberation of Palestine (PFLP),146
"Popular Front for the Liberation of Palestine, Gen Cmd (PFLP-GC)",6
Popular Front for the Liberation of the Sahara,1
Popular Liberation Army (EPL),258
Popular Liberation Army (Puerto Rico),4
Popular Liberation Front Urban Commando,1
Popular Liberation Resistance Force,6
Popular Militia (Chile),2
Popular Militia (Colombia),15
Popular Movement for the Liberation of Angola,9
Popular Movement for the Liberation of Cabinda,2
Popular Rage,4
Popular Resistance (Laiki Antistasi),2
Popular Resistance Army (PRA),1
Popular Resistance Committees,43
Popular Resistance Front (FPR),1
Popular Resistance Sabotage Group,2
Popular Revolutionary Action,1
Popular Revolutionary Army (Mexico),21
Popular Revolutionary Bloc (BPR),38
Popular Revolutionary Commandos,2
Popular Revolutionary Movement (Colombia),1
Popular Revolutionary Movement (Italy),2
Popular Revolutionary Resistance Group,1
Popular Revolutionary Vanguard (VPR),5
Popular Will (Greece),3
Porattom,1
PORE,1
Portuguese Anti-Communist Movement,1
Portuguese Liberation Army,1
Posse Comitatus,1
Poverty Brigade,1
Praveen Dalam,1
Presidential Movement (MP) Militiamen,1
Prima Linea,58
Prisoner  Gourgen Yanikian Group,1
Prisoner's Action Force,1
Pro Hartal Activists,1
"pro Khomeni group, name unk",1
Pro-Aristade,1
Professional Killers,2
Pro-Government Students,1
Progressive Socialist Party (PSP),1
Pro-Indonesia Activists,1
pro-iranian terrorists,2
Pro-Iraqi Terrorists,3
Pro-Kabul Provocateurs,3
Pro-Khasbulaton Rebels,2
Proletarian Action Group,2
Proletarian Armed Squads,1
Proletarian Combatants for Communism,2
Proletarian communist commandos,1
Proletarian Division for the Army of Communist Liberation,1
Proletarian Fighting Brigades,1
Proletarian Fighting Patrol,7
Proletarian Initiative and Offensive for W. Europe,1
Proletarian Nuclei for Communism,2
Proletarian Nucleus,1
Proletarian Patrols,10
Proletarian Resistance Movement,1
Proletarian Revolutionary Action Front (FRAP),2
Pro-Libyan,1
Prolitarian Internationalism,1
pro-pakistani militants,2
Pro-Palestinian Group,4
Pro-Palestinian Immigrants,2
Pro-State Militiamen,1
Protectors of Islam Brigade,1
Protestant Action Group,5
Protestant Extremists,332
Protesters,7
Provisional Coordinating Committee for the Defense of Labor,4
Provisional RSPCA,1
Puerto Rican Armed Resistance,5
Puerto Rican Liberation Front,2
Puerto Rican Nationalists,26
Puerto Rican Resistance Movement,3
Puerto Rican Revolutionary Movement,5
Puka Inti Maoist Communist Party,2
Punitive Leftist Front,5
Punjabi Taliban,1
Purbo Banglar Communist Party,21
Qaddaffis,8
Qari Kamran Group,1
Quartermoon Society,2
Quebec Separatists,1
Quintin Lame,11
Rabbi Rahane Group,1
Rabid Brothers of Giuliani,1
Radical Communist Armed Nucleus,1
Radicals,6
Rahanwein Resistance Army (RRA),7
Rajneeshees,4
Rally of Democratic Forces (RAFD),1
Ramzi Nahra Martyr Organization,1
Ranbir Sena,15
Rashtriya Swayamsevak Sangh,3
Rastas,2
Rastriya Janashakti Party (RJP),1
"Raul Ernesto Cruz Leon, Salvadorian",3
Raul Sendic International Brigade,1
Real Irish Republican Army (RIRA),43
Real Ulster Freedom Fighters (UFF) - Northern Ireland,3
Rebel Armed Forces of Guatemala (FAR),36
Rebel Military Unit,7
Rebel Socialists,1
Rebellious Group Lambros Foundas,1
Rebels,37
Rebels backing deposed Pres. Zviad Gamsakhurdia,1
Recompras,7
Recontras,61
Red Army Faction (RAF),67
Red Army for the Liberation of Catalonia,2
Red Brigades,218
Red Brigades Fighting Communist Party (BR-PCC),7
Red Brigades Fighting Communist Union (BR-UCC),3
Red Cell,5
Red Commandos,1
Red Dawn Front (Frente Amanecer Rojo),2
Red Flag,1
Red Flag (Venezuela),25
Red Flying Squad,3
Red Guard,3
Red Guerilla Family,5
Red Guerrilla,7
Red Hand Commandos,10
Red Hand Defenders (RHD),23
Red June,1
Red June of 14 June,1
Red Line,1
Red Patriots Group,1
Red Resistance Front,1
Red Revolutionary Front,2
Red Sea Afar Democratic Organization (RSADO),3
Red Tribune,1
Reform of the Armed Forces Movement,9
Regulators,1
Relatives of terrorist,1
Republic of New Afrika,2
Republic of Texas,1
Republican Action Against Drugs (RAAD),1
Republican Action Force,6
Republican Anticlerical Group,1
Republican People's Party,1
Resistance Cell,1
Resistance Movement,1
Resistance Movement of the Union of Revolt Workers,1
"Resistance, Liberation and Independence Organization (AAA)",1
Resistenza,73
Resistenza Corsa,4
Retired Soldier,1
Revenge of the Trees,1
Revolted Persons of the Polytech School,1
Revolutionary Action,7
Revolutionary Action Front,2
Revolutionary Action Groups,1
Revolutionary Action of Liberation,4
Revolutionary Action Organization of the Arab Resistance Front,2
Revolutionary Action Party,3
Revolutionary Anarchist Armed Terrorist Movement,1
Revolutionary Anti-Capitalist Initiative,2
Revolutionary Anti-Racist Action,3
Revolutionary Arab Youth Organization,1
Revolutionary Armed Forces (FAR),2
Revolutionary Armed Forces- Argentina (FAR-A),5
Revolutionary Armed Forces for the Liberation of Colombia (FALCO),1
Revolutionary Armed Forces of Colombia (FARC),2129
Revolutionary Armed Forces of Nicaragua (FARN),6
Revolutionary Armed Organization,3
Revolutionary Army,1
Revolutionary Autonomous Group,1
Revolutionary Bolivariano Movement 200,1
Revolutionary Cells,59
Revolutionary Cells (Argentina),2
Revolutionary Cells-Animal Liberation Brigade,2
Revolutionary Christians of the Cedars,1
Revolutionary Combat Brigades,1
Revolutionary Command,1
Revolutionary Commandos of Solidarity,3
Revolutionary Commandos of the People (CRP),15
Revolutionary Committee for Counter Force,1
Revolutionary Committee of Mozambique (COREMO),1
Revolutionary Communist Armed Nuclei,1
Revolutionary Communist League (LCR) (Spain),9
Revolutionary Communist Party,2
Revolutionary Communist Youth Brigade (RCYB),1
Revolutionary Continuity,1
Revolutionary Coordination of the Masses,1
Revolutionary Eelam Organization (EROS),2
Revolutionary Fighting Group 80,1
Revolutionary Flames,1
Revolutionary Force,1
Revolutionary Force 26,2
Revolutionary Force 9,3
Revolutionary Force Seven,5
Revolutionary Forces for the Liberation of Iraq,1
Revolutionary Front,1
Revolutionary Front for an Independent East Timor (FRETILIN),11
Revolutionary Front for Hatian Advancement and Progress (FRAPH),4
Revolutionary Front for National Liberation,6
Revolutionary Headquarters (Turkey),1
Revolutionary Insurgent Armed Forces of Ecuador (FAIRE),1
Revolutionary Internationalist Solidarity,3
Revolutionary Labor Commandos,1
Revolutionary Labor Organization,1
Revolutionary Leninist Brigades,1
Revolutionary Liberation Action (Epanastatiki Apelevtherotiki Drasi) - Greece,3
Revolutionary Liberation Cells,1
Revolutionary Militant Left organization,1
Revolutionary Military Council,1
Revolutionary Movement,1
Revolutionary Movement of People in Arms,1
Revolutionary Nationalist Movement,1
Revolutionary Nuclei,12
Revolutionary Organization of People in Arms (ORPA),117
Revolutionary Organization of Socialist Moslems,5
Revolutionary Patriotic Anti-Fascist Front (FRAP),49
Revolutionary Peoples Army,2
Revolutionary People's Struggle (ELA),88
Revolutionary Perspective,5
Revolutionary Popular Left,7
Revolutionary Proletarian Army,1
Revolutionary Proletarian Initiative Nuclei (NIPR),2
Revolutionary Road,1
Revolutionary Security Apparatus,2
Revolutionary Solidarity,4
Revolutionary Struggle,22
Revolutionary Student Brigade,1
Revolutionary Student Front,3
Revolutionary United Front (RUF),65
Revolutionary United Front Movement,1
Revolutionary Vanguard,2
Revolutionary Violence Units,1
Revolutionary Voice of the People (VPR),2
Revolutionary Worker Clandestine Union of the People Party (PROCUP),3
Revolutionary Workers' Council (Kakurokyo),24
Revolutionary Workers Party,10
Revolutionary Workers Party of Bolivia (PRTB),3
Rezi Rezai International Brigades,1
Rhodesian guerillas,1
Ricardo Franco Front (Dissident FARC),62
RIF Popular Front,1
Right Wing Christian extremists,2
Right Wing Lebanese Militiamen,1
Right Wing National Youth Front,1
Right Wing Vigilantes,5
Rightist supporters of Democratic Alliance,1
Right-Wing Death Squad,20
Right-Wing Extremists,48
Right-Wing Group,19
Right-Wing Gunmen,2
Right-Wing Militants,3
Right-Wing Paramilitaries,14
Right-Wing Rebel Military Group,2
Right-wing Terrorists,2
Right-Wing Youths,1
rioters,5
Rival Activists,10
Rival Afghan Group,1
Rival Bangledesh Chhatra League Faction,1
Rival caste,5
Rival clan,1
Rival Parts,1
Rival Party Members,1
Rival peasant band,1
Rival Soccer Clubs,1
"Rival Zulu Group, name not stated",1
Riyadus-Salikhin Reconnaissance and Sabotage Battalion of Chechen Martyrs,10
Rizvon Sadirov Group,2
Roberto Santucho Revolutionary Group,1
Robin Food,4
Robin Garcia Student Front,1
Rodolfo Walsh National Command,1
Rodrigo Franco Command,15
Rohingya Solidarity Organization,2
Roque Dalton Commando,1
ROSADO-SOTO Command,1
Rote Zora,2
Ruminahui Front,1
Runda Kumpulan Kecil (RKK),42
Russian Militia,1
Russian seperatisits,1
RVA,1
Rwanda Patriotic Front (RPF),11
Rwenzururu Rebels,2
RYF,3
S. O. S. France,1
Sa'ad Militia,1
Sabaot Land Defense Force (SLDF),4
Sabaot Tribe,1
Sabaot tribesmen,1
Saffron Tigers,1
Sagrado Corazon Fanatic Group,1
Saharan Revolutionary Armed Front (FARS),3
Saif-ul-Muslimeen,1
Salafi Abu-Bakr al-Siddiq Army,2
Salafi Daawa Group,1
Salafi Extremists,1
Salafia Jihadia,5
Salafist Group for Preaching and Fighting (GSPC),214
Salah al-Din Squad,1
Salvadoran Guerrillas,2
Sammilito Sangskritik Jote (Alliance of Cultural Forums),1
Samyukta Janatantrik Terai Mukti Morcha (SJTMM),5
Samyukta Jatiya Mukti Morcha (SJMM),12
Samyukta Terai Madhes Mukti Party,1
Sandinist People's Army (EPS),4
Sandinista National Liberation Front (FSLN),209
Sandinista Protester,1
Sandinistas,19
Sandval (union) Movement,1
Sanghiya Limbuwan Committee (SLC),1
Sanidila Secessionist Movement,2
Saor Eire (Irish Republican Group),2
Sardinian Autonomy Movement,1
Saudi Hizballah,1
Save Kashmir Movement,3
Save Our Israel Land,3
Save Uganda Movement,3
Scheutzen group,1
Schiedam Youth Front,1
Scooter Borne terrorists,2
Scottish National Liberation Army,7
Scottish Nationalists,1
Scottish Socialist Republican League,2
Sea Shepherd Conservation Society,1
Seaborne Moslem Raiders,1
Seattle Liberation Front,1
Secessionists,7
Secret Anti-Communist Army (ESA),19
Secret Army Organization,2
Secret Cuban Government,8
Secret Organization of al-Qa’ida in Europe,4
Secret Organization Zero,2
Sect of Revolutionaries (Greece),3
Seiji Kesha Kokuyukai,1
Seikijuku,3
Sekihotai,2
Self Defense Forces,1
Self-Defense Against All Authority,1
self-styled iconoclasts-nihilists,1
"Senki (""Battle Flag"")",8
Separatist Arab Guerrillas,1
Separatist Clandestine Organization,1
Separatists,252
September 11,4
September 11 Commandos,3
September 17 Organization,1
Serb demonstrators,1
Serb Radical Party,1
Serbian Gangsters,1
Serbian guerrillas,17
Serbian irregulars,2
Serbian Militants,7
Serbian Nationalists,4
Serbian rebels,2
Serbs,4
Servants of Islam Organization,1
Settlers at Kfar Darom,3
Several individuals,1
SFT,1
Shabelle Valley militia,2
Shahid Khalsa Force,2
Shahin (Falcon),1
Sham 'unite,1
Shan Insurgents,3
Shan State Army,3
Shan State Progressive Party,11
Shan United Revolutionary Army,5
Shangytown residents,1
Shanti Bahini - Peace Force,99
Shanty Dwellers,1
Sharivad 17 Tal-Al-Za'atar(Sept 17 Tal-Al-Za'atar),1
Sharp Sword Organization,1
Shaykh Hassan Khalid Forces,1
Shaykh Subhi Al-Salih Forces,18
Shield of Islam Brigade,2
Shiite Muslims,33
Shining Path (SL),4523
Shinwari Tribe,1
Shiv Sena,1
Shonkonjuku Group,1
Shop owners,1
Siah KAL,1
Sicarii,4
Sikh Extremists,714
Simon Bolivar Guerrilla Coordinating Board (CGSB),206
Sindh Liberation Front,2
Sindhi nationalists,3
Sindhu Desh Liberation Army (SDLA),41
Sinhalese Extremists,1
Sinhalese Insurgents,1
Sinhalese Militants,4
Sipah-e-Sahaba/Pakistan (SSP),19
Sipah-I-Mohammed,2
Sisters in Arms,1
Sixth of March Group,1
SKIF Detachment,1
Skinhead group,1
Skinheads,3
Slum Dwellers,1
Smugglers and Elephant Poachers,1
Social Christian Party (PSC),1
Social Resistance,9
Socialist Chhatra League,1
Socialist Labor Party of Lebanon,1
Socialist Patients' Collective (SPK),3
Socialist Recovery Movement,1
Socialist Revolutionary Brigade,1
Socialist-Nationalist Front (SNF),1
Soldiers of the Algerian Opposition,3
Soldiers of the Caliphate,2
Soldiers of Truth,7
Solidarist Resistance Movement,2
Solidarity with imprisoned members of Action Directe (AD),2
Somali Gang,1
Somali Guerrillas,1
Somali Islamic Front,3
Somali National Alliance,2
Somali National Movement,7
Somali Patriotic Movement,1
Somali Salvation Democratic Front (SSDF),1
Somali Salvation Front (SSF),8
Somoza Sympathizers,1
Somozists,4
Sons of Liberty,2
Sons of the Gestapo,1
Sons of the South,1
Sons of the South (Shiite Muslim Group),1
Soskan tribe,1
South African guerrillas,1
South African Liberation Support Cadre (SALSC),3
South Lebanon Army,1
South Londonderry Volunteers (SLV),2
South Moluccans,9
South Ossetian Extremists,1
South Ossetian Separatists,10
South Sudan Democratic Army,1
South Sudan Liberation Army (SSLA),3
Southern Mobility Movement (Yemen),27
Southern Nucleus of Communist Counterpower,1
Southern Sierra Peasant Organization,2
Southern Yemen Separatists,1
South-West Africa People's Organization (SWAPO),63
Sovereign Panama Patriotic Front,1
Soviet and Cuban-backed rebels/mercenaries,1
Spanish Armed Group,4
Spanish Basque Battalion (BBE) (rightist),14
Spanish Falange,1
Spanish International Communist Party,1
Spanish National Action,5
Special Purpose Islamic Regiment (SPIR),3
Squadrons of Terror (Katibat El Ahoual),2
Squatters,1
St. Kitts Nevis Labor Party,1
State Council of Indian and Peasant Organization,1
Stop the War Coalition,1
Strike Enforcers,1
Strikers,48
Striking Minors Group,1
Struggle Against Misery and Exploitation of Peasants,2
Student Demonstrators,4
Student Front of the People,4
Student Militants,1
Student Radicals,74
Student Revolutionary Front (FER),1
Students,20
Students  U of PNG,1
Students for a Democratic Society,2
Students for a Democratic Society (SDS) (German),1
Students Islamic Movement of India (SIMI),8
Subversives,11
Sudan Alliance Forces,4
Sudan Liberation Army (SLA),1
Sudan Liberation Movement,11
Sudan People's Liberation Army (SPLA),46
Sudan People's Liberation Movement - North,11
Sudanese mostly Christian rebels,1
Sudanese People's Liberation Forces,5
Sudanese Rebels,1
Sudtiroler Volkspartei-south tyrol people's party,4
Sudurpaschim Janata Dal,1
Suicide Squad,3
Sungu Sungu,1
Sunni Muslims,20
Sunni Supporters,1
Support for Refugees (Appui aux Refugies),1
Support of Ocalan-The Hawks of Thrace,1
Supporter of Bhutto,1
Supporters of Ali Abdullah Saleh,1
Supporters of Ex-President Gamsakhurdial,10
Supporters of Joshua Nkomo,8
Supporters of leftist Gana-Oikya Front,2
Supporters of opposing candidate Abdu Sakurtan,1
Supporters of President J-B Aristide,1
supporters of presidential candidate Belisario Bet,1
Supporters of Qadhafi,6
Supporters of ret. Gen. Lino Oviedo,1
Supporters of Right and Freedom,1
Supporters of Second Prime Minister Hun Sen,1
Supporters Opposition Leader Etienne Tshisekedi,1
"Supporters, House Speaker Ramon Mitra",1
Supreme Command for Jihad and Liberation,2
Supreme Council for Islamic Revolution in Iraq (SCIRI),11
Supreme Islamic Council,1
Suriname Liberation Front,1
Surinamese Amerindians,2
Survivors of Golfech,7
Survivors of Hama,1
suspended policemen,1
Swatantra Nepal Dal,1
Swaziland Youth Congress (Swayoco),1
Sword of Islam,1
Symbionese Liberation Army (SLA),7
"Sympathizers of ""Iranian People's Zeda'i""",1
Sympathizers of Al-Qa`ida Organization,4
Syndicalist Action Groups,2
Syrian Army deserters,1
Syrian Battle Front,1
Syrian Mujahideen,1
Syrian Revolutionaries - Aleppo Province,1
Syrian Social Nationalist Party,8
Syrian Terror,1
Syrians,2
SYS,2
Tacayana Indians,1
Taihikai (Great Sadness),1
"Taikosha, right wing group",1
Tajamo Ansar al-Islam,1
Tajik Rebels,1
Takfir wal-Hijra (Excommunication and Exodus),4
Taliban,2421
Tamil Eelam Liberation Organization (TELO),8
Tamil Liberation Army,2
Tamil Makkal Viduthalai Pulikal (TMVP),2
Tamil Nadu Liberation Army,3
Tamils,218
Tanyus Shanin Armed Unit,1
Tanzeem Ittehad - I - Ulema Qabail (Tiuq)Tribesmen,1
Tanzim,5
Tawhid and Jihad,49
Tawhid and Jihad (Palestine),2
Taxi Drivers,6
Tayeb Al-Afghani's Islamist Group,1
Tehreek-e-Nafaz-e-Shariat-e-Mohammadi (TNSM),4
Tehrik al-Mojahedin,2
Tehrik-e-Galba Islam,2
Tehrik-e-Taliban Islami (TTI),1
Tehrik-e-Tuhafaz (Pakistan),2
Tehrik-i-Taliban Pakistan (TTP),753
Tela Mohammed,1
Telangana Separatists,2
Temple Mount Faithful Movement,1
Terai Army,9
Terai Cobra,2
Terai Janatantrik Madhes Party,1
Terai Janatantrik Party,1
Terai Madheshi Mukti Morcha (TMMM),1
Terai Rastriya Mukti Sena (TRMS),1
Terena Indians,2
Terra Lliure,62
Territorial Anti-Fascist Patrols,1
Territorial Armed Groups for Communism,1
Territorial Cells for Boycotting the Elections,1
Territorial Communist Command,1
Territorial Communist Units,1
Territorial Patrols of Anti-Fascist Vigilance,1
Territorial Resistance Army,3
Terror Against Terror,7
Terrorists,59
Thai Communists,1
Thai Islamic Militants,56
Tharuhat Joint Struggle Committee (TJSC),2
Thavar Caste,1
The al-Aqsa-Group,1
The Aref Boluki Dynamite group,1
The Armed Secret Organization,1
The Black Sun,1
The Call of Jesus Christ,1
The Eradication of Evil,2
The Extraditables,109
The Front for the Liberation of the Cabinda Enclave – Renewed (FLEC),2
The Great Serpent,1
The Husayn Ubayyat Martyrs’ Brigades,1
The Illegal Fisherman of the Night,1
The Inevitables,1
The Islamic Movement,1
The Islamic Revolution to Liberate Palestine,1
The Jean Marc Rouillan Armed and Heartless Columns,1
The Jewish Execution with Silence,1
The Joint Revolutionary Council,7
The Justice Department,15
The Nation's Army,1
The New Irish Republican Army,5
The Northern Alliance (or United Islamic Front for Salvation of Afghanistan – UIFSA),4
The Order (Silent Brotherhood),8
The Order II (Bruder Schweigen Strike Force II),3
The Ordinary Men,1
The Organization for the Return of Legality,1
The Scorpion,2
The Unit of the Chemical Weapons Martyrs,1
The United Revolutionary Front of Bhutan,2
The United Southern Front,1
The War That Was Never Declared,1
The World United Formosans for Independence (WUFI),1
Thomas Muenzer Wild Band,1
Three Stars Autonomous Commando,1
Thunder of Zion,1
Tibetan separatists,1
Ticuna Indian,1
Tigers,1
Tigray Peoples Liberation Front (TPLF),10
Timorese guerrillas,2
Timorese Students,3
Togolese Dissidents,3
Togolese Peoples Rally,1
Tolib Ayombekov loyalists,1
Tonino Micciche Workers Nucleus,1
Tontons Macoutes,3
Tony El Pelou Band,2
Toposa and Dongiro Tribes,1
Tribal Battlefront,6
Tribal Clash,1
Tribal Group,44
Tribal guerrillas,2
Tribal Separatists,2
Tribal Thumb,1
Tribesmen,3
Tribesmen Murad Tribe,4
"Tribesmen, al-Itada",1
Trinitarians,1
Tripoli Martyrs Battalion,2
Tripura National Volunteers (TNV),29
Tripura Nationalists,1
Tripura Separatists,1
Tritiya Prastuti Committee (India),9
Tuareg Guerrillas,16
Tuaregs,36
Tucayana Amerindians,1
Tulawie Clan,1
Tunisian Armed Resistance,1
Tupac Amaru Revolutionary Movement (MRTA),557
Tupac Katari Guerrilla Army (EGTK),22
Tupamaro Revolutionary Movement,4
Tupamaros (Uruguay),41
Turkestan Islamic Party,2
Turkish Communist Party/Marxist (TKP-ML),28
Turkish Communist Workers Party,3
Turkish Hizballah,6
Turkish Islamic Commandos,1
Turkish Islamic Jihad,2
Turkish Leftists,9
Turkish Marxist Workers Party,1
Turkish People's Liberation Army,69
Turkish People's Liberation Front (TPLF)(THKP-C),36
Turkish radicals,1
Turkish Revenge Brigade,1
Turkish Revolutionaries,1
Turkish separatists (probably Kurds),2
Turks,3
Turks of Western Thrace,1
Tutsi,23
Tyrol Separatists,2
Tyrolean Defense League,1
U/I Asian Gang,1
U/I Catholic Traditionalists,1
U/I Islamic Separatists,2
U/I Liberian Gunmen,2
U/I Liberians,1
U/I Militia Group led by Raul Martinez,1
U/I Private army of wral politician,1
U/I Snipers,2
U/I Somali Militiamen,2
U/l men,1
Uganda Democratic Christian Army (UDCA),1
Uganda Federal Army,1
Uganda Federal Democratic Alliance (UFEDA),1
Uganda Freedom Movement (UFM),19
Uganda People's Army,15
Ugandan People's Democratic Army,1
Ugandan Rebels,4
Uighur Liberation Organization,1
Uighur Separatists,58
Ujjan Tribe,1
Ukrainian Liberation Front,1
Ukranian Nationalist Group,1
Ulster Freedom Fighters (UFF),254
Ulster Volunteer Force (UVF),264
Ultra Conservative Clerical Group,1
"Ultra Nationalist Group, name not given",1
Umar al-Mukhtar Martyr Forces,2
Umbane People's Liberation Army (Swaziland),2
Ummah Liberation Army,1
Unarmed Algerian,1
Unemployed Persons,6
Unidad Militar Bolivariana,1
Unidentified Infiltrators,1
Unified Kurdish Socialist Party,1
Unified Workers Command,1
Union Du People Corse,1
Union Guerrera Blanca (UGB),14
Union members,2
Union of Chadian Forces (UFNT),1
Union of Congolese Patriots (UPC),2
Union of Democratic Forces,1
Union of Forces for Democracy and Development (UFDD),3
Union of Galilee Christians,1
Union of Peaceful Citizens of Algeria,1
Union of Revolutionary Communists in Turkey (TIKB),1
Union of the People (UDP),21
Union of the Peoples of the Arabian Peninsula,1
Union of Young Kurdish Revolutionaries,1
Union Parishad,1
Unione di u Populu Corsu (UPC),1
United Action Council,3
United Arab Revolution,1
United Baloch Army (UBA),11
United Bengali Liberation Front (UBLF),2
United Democratic Front (UDF),2
United Democratic Liberation Army (UDLA),3
United Democratic Terai Liberation Front (UDTLF),1
United Freedom Front (UFF),29
United Front for Democracy Against Dictatorship,21
United Front for Democratic Change (FUC),4
United Front for Nigeria's Liberation (UFNL),1
United Janatantrik Terai Mukti Morcha (U-JTMM),1
United Jewish Underground,1
United Jihad Council,1
United Kuki Liberation Front (UKLF) - India,4
United Liberation Front for the New Algeria,1
United Liberation Front of Assam (ULFA),268
United Liberation Front of Barak Valley (ULFBV) - India,1
United Liberation Movement for Democracy in Liberia (ULIMO),2
United Liberation Torchbearers Forces,5
United Nasirite Organizaiton,1
United National Liberation Front (UNLF),12
United National Party,2
United Nicaraguan Opposition,5
United People's Democratic Front (UPDF) - Bangladesh,4
United People's Democratic Solidarity (UPDS),7
United People's Front,1
United Popular Action Front (FAPU),13
United Popular Action Movement,109
United Popular Liberation Army of America,1
United Revolutionary Front,2
United Self Defense Units of Colombia (AUC),67
United Somali Congress,3
United Students Forum,1
United Wa State Army,1
Universal Liberation Front,2
Universal Proutist Revolutionary Federation,2
Unk (men in army uniforms with arms and gas masks),1
Unk Iranian Guerrillas,1
unk masked raiders,1
"unk, protest against USSR invasion of Afghanistan",1
Unknown,49027
unknown leftists opposed to summit,2
UNLF (Uganda National Liberation Front),1
"Up the IRS, Inc",8
Urban Guerrilla War,1
Urban Guerrillas,4
Urhobo Revolutionary Army,1
Valais Group Against Hydro-Rhone,1
Vandalicia Teodoro Suarez,1
Vanguard of Red Youth (AKM),1
Vanuatu Mobile Force (VMF),2
Venceremos,1
Venezuela Cartel,1
Vengence Party,1
Vietnamese,1
Vietnamese Detainees,1
Vietnamese Organization to Exterminate Communists and Restore the Nation,3
Vietnamese Refugees,2
Vigilante Group,27
Vigorous Burmese Student Warriors,2
Village League,1
Villagers,6
Vincente Mecha Revolutionary Christians,1
Vishwa Hindu Parishad (VHP),5
Viviana Gallardo Command,1
Volunteers of Innocent People of Nagas (VIPN),1
Vyborg Brigade,1
Wahhabi Movement,1
Waltraud Boock Group,3
War Veterans,1
We Who Built Sweden,1
"Weather Underground, Weathermen",45
Welsh Extremists,5
Welsh nationalists,1
West Nile Bank Front (WNBF),1
West Side Boys,1
Western Somalia Liberation Front,1
White Extremists,65
White Guard,1
White Legion (Ecuador),1
White Legion (Georgia),3
White Liberation Army,1
White Mercenaries,2
White Panther Party,1
White Wolves,11
White Wolves (UK),1
Wild Cats,1
Wild Geese of the Cities,1
Wit Kommando,1
Wolves of Islam,1
"Worker Autonomy, Continuous Struggle",3
Worker Counterpower,2
Worker's Brigade,1
Workers Brigade for Communism,6
Workers' Forces of Liberation,1
Workers of the Company,1
Workers' Organization for Communism,2
Workers Power,1
Workers' Revolutionary Party,1
Workers' Self-Defense Movement (MAO),15
Workers/Employees,8
Working People's Alliance (WPA),1
World Church of the Creator,6
World Punishment Organization,1
Worldwide Organization of Native Taiwanese,1
Xhosa Tribal Workers,1
Yakariya Bango Insurgent Group,2
Yamaguchi-Gumi Gang,1
Yatama,2
Yazbik Revolutionary Organization,1
Yellow Organization of Air Force Officers,3
Yemenis,4
Yich Telga,1
Yimchunger Liberation Front (YLF),1
Yokoku Seiwa-Kai,1
Young Brigade of Navarro,1
Young Communist League,10
Young Cuba,2
Young Liberators of Pattani,1
Young Officer Union of the New Generation and Reformist Armed Forces of the Philippines (YOU-RAFP),1
Young Pioneers,1
Youth Action Group,6
Youth for Revolution,1
Youth Gang,1
Youth of Islamic Awakening,1
Youth of the Star,1
Youths,22
Youths of Ali Movement,2
Zaghawa ethnic group,1
Zairian Dissidents,1
Zapatista National Liberation Army,24
Zarate Willka Armed Forces of Liberation,5
Zebra killers,20
Zeliangrong United Front,3
Zemun Clan,1
Zero Point,1
Zero Tolerance,2
Zetas,2
Zimbabwe African Nationalist Union (ZANU),22
Zimbabwe African People's Union,13
Zimbabwe Guerrillas,4
Zimbabwe Patriotic Front,9
Zimbabwe People's Army (ZIPA),2
Zintani Militia,1
Zionist Resistance Fighters,1
Zomi Revolutionary Army (ZRA),1
Zulu Militants,1
Zulu Miners,1
Zviadists,1
Abdullah Azzam Brigades,9
Afghan Guerrillas,8
Al Zulfikar,8
Afghan Mujahideen,7
2 April Group,6
Afghan Rebels,6
Albanian National Army (ANA),6
Abkhazian Separatists,5
Adivasi National Liberation Army (ANLA),5
Africa Marine Commando,5
Afrikaner Resistance Movement (AWB),5
Al-Adl Wal Ihsane,5
14 K Triad,4
1st of May Group,4
9 May People's Liberation Force,4
Activists,4
Afghans,4
Ahlu-sunah Wal-jamea (Somalia),4
Ahrar Al-Jalil (Free People of the Galilee),4
Al-Arifeen,4
Al-Faruo Battalion,4
14th of December Command,3
23 May Democratic Alliance (Algeria),3
7 April Libyan Organization,3
Abida Tribe,3
Air and Azawak Liberation Front,3
Al Jehad,3
al-Ahwaz Arab People's Democratic Front,3
Algeisk Wolves,3
1920 Revolution Brigades,2
28 May Armenian Organization,2
28th of December Group,2
4 August National Organization,2
Abd al-Krim Commandos,2
Abkhazian guerrillas,2
Abstentionist Brigades,2
Actiefront Nationalistisch Nederland,2
Action Front for the Liberation of the Baltic Countries,2
Adan Abyan Islamic Army (AAIA),2
Adivasi People’s Army (APA),2
Afar Revolutionary Democratic Unity Front,2
Airport Protesters,2
Akali Dal Party,2
Al Borkan Liberation Organization,2
Al Faran,2
Al Hadid,2
Al-Badr,2
Al-Bakazim,2
Albanian Separatists,2
Alejo Calatayu,2
14 March Coalition,1
15th of September Liberation Legion,1
19th of July Christian Resistance Brigade,1
22 May 1948,1
28 February Armed Group,1
28s,1
A Resistance Group,1
Abu Hassan,1
Abu Musa Group,1
Achik National Volunteer Council (ANVC),1
Achwan-I-Mushbani,1
Action Front Nationalist Librium,1
Action Group for Communism,1
Action Group for the Destruction of the Police State,1
Action Struggle Against the World,1
Active Espirit de Corps of the Argentina Army,1
Adivasi Cobra Militants of Assam (ACMA),1
Afar rebels,1
AFB,1
Afghan Merceneries,1
Afghan War Veterans,1
Afridi Tribe,1
AGEL,1
"Aghwar ""Fire War"" Group",1
Agudat Israel Party,1
Ahmad Alawi al Muqbili,1
Ahmad Jibril,1
Aibed Er-Rahman katibet,1
Aidid Militia,1
Aitarak Militia,1
Akhilesh Singh Gang,1
Al Nasirin (India),1
Al Zawahiri Loyalists,1
Albanian exiles,1
Albatros Commando,1
Alcubar group,1
al-Da'wah Party,1
Alexander Villalon (YADO),1
Alexandros Grigoropoulos Anarchist Attack Group,1
Alfa 83,1
Al-Fajr,1
Al-Fatihin Army (AFA),1
